ym:pv:watchID;ym:pv:counterID;ym:pv:date;ym:pv:dateTime;ym:pv:title;ym:pv:URL;ym:pv:referer;ym:pv:UTMCampaign;ym:pv:UTMContent;ym:pv:UTMMedium;ym:pv:UTMSource;ym:pv:UTMTerm;ym:pv:browser;ym:pv:browserMajorVersion;ym:pv:browserMinorVersion;ym:pv:browserCountry;ym:pv:browserEngine;ym:pv:browserEngineVersion1;ym:pv:browserEngineVersion2;ym:pv:browserEngineVersion3;ym:pv:browserEngineVersion4;ym:pv:browserLanguage;ym:pv:clientTimeZone;ym:pv:cookieEnabled;ym:pv:deviceCategory;ym:pv:flashMajor;ym:pv:flashMinor;ym:pv:from;ym:pv:hasGCLID;ym:pv:ipAddress;ym:pv:javascriptEnabled;ym:pv:mobilePhone;ym:pv:mobilePhoneModel;ym:pv:openstatAd;ym:pv:openstatCampaign;ym:pv:openstatService;ym:pv:openstatSource;ym:pv:operatingSystem;ym:pv:operatingSystemRoot;ym:pv:physicalScreenHeight;ym:pv:physicalScreenWidth;ym:pv:regionCity;ym:pv:regionCountry;ym:pv:screenColors;ym:pv:screenFormat;ym:pv:screenHeight;ym:pv:screenOrientation;ym:pv:screenWidth;ym:pv:windowClientHeight;ym:pv:windowClientWidth;ym:pv:params;ym:pv:lastTrafficSource;ym:pv:lastSearchEngine;ym:pv:lastSearchEngineRoot;ym:pv:lastAdvEngine;ym:pv:artificial;ym:pv:pageCharset;ym:pv:link;ym:pv:download;ym:pv:notBounce;ym:pv:lastSocialNetwork;ym:pv:httpError;ym:pv:clientID;ym:pv:networkType;ym:pv:lastSocialNetworkProfile;ym:pv:goalsID;ym:pv:shareService;ym:pv:shareURL;ym:pv:shareTitle;ym:pv:iFrame
1603503340611178380;34322390;2017-03-31;2017-03-31 22:07:59;Я - похудела;http://perm.im-slim.ru/;https://yandex.ru/search/touch/?text=центры снижения веса в перми &lr=21745;;;;;;safari_mobile;10;0;ru;WebKit;602;3;12;0;ru;180;1;2;0;0;;0;194.9.226.xxx;1;apple;iPhone;;;;;ios10;ios_double;1334;750;Reutov;Russia;32;11;667;1;375;1461;980;;organic;yandex_mobile;yandex;;0;utf-8;0;0;0;;0;14909872801019238672;;;[];;;;0
1603507274058043276;34322390;2017-03-31;2017-03-31 22:08:14;;http://perm.im-slim.ru/;;;;;;;safari_mobile;10;0;ru;WebKit;602;3;12;0;ru;180;1;2;0;0;;0;194.9.226.xxx;1;apple;iPhone;;;;;ios10;ios_double;1334;750;Reutov;Russia;32;11;667;1;375;1461;980;;direct;;;;1;utf-8;0;0;1;;0;14909872801019238672;;;[];;;;0
1603539546834210508;34322390;2017-03-31;2017-03-31 22:10:17;Я - похудела;http://perm.im-slim.ru/price;http://perm.im-slim.ru/;;;;;;safari_mobile;10;0;ru;WebKit;602;3;12;0;ru;180;1;2;0;0;;0;194.9.226.xxx;1;apple;iPhone;;;;;ios10;ios_double;1334;750;Reutov;Russia;32;11;667;1;375;1461;980;;internal;;;;0;utf-8;0;0;0;;0;14909872801019238672;;;[];;;;0
1603543480869326540;34322390;2017-03-31;2017-03-31 22:10:32;;http://perm.im-slim.ru/price;;;;;;;safari_mobile;10;0;ru;WebKit;602;3;12;0;ru;180;1;2;0;0;;0;194.9.226.xxx;1;apple;iPhone;;;;;ios10;ios_double;1334;750;Reutov;Russia;32;11;667;1;375;1461;980;;direct;;;;1;utf-8;0;0;1;;0;14909872801019238672;;;[];;;;0
1637481949078751101;34322390;2017-04-02;2017-04-02 10:08:17;Я - похудела;http://perm.im-slim.ru/reviews;https://yandex.ru/search/touch/?text=диетолог пермь отзывы &lr=21741;;;;;;safari_mobile;10;0;ru;WebKit;602;4;6;0;ru;300;1;2;0;0;;0;176.59.203.xxx;1;apple;iPhone;;;;;ios10;ios_double;1334;750;;Russia;32;11;667;1;375;1461;980;;organic;yandex_mobile;yandex;;0;utf-8;0;0;0;;0;1491116897599715108;;;[];;;;0
1637485840556885860;34322390;2017-04-02;2017-04-02 10:08:32;;http://perm.im-slim.ru/reviews;;;;;;;safari_mobile;10;0;ru;WebKit;602;4;6;0;ru;300;1;2;0;0;;0;176.59.203.xxx;1;apple;iPhone;;;;;ios10;ios_double;1334;750;;Russia;32;11;667;1;375;1461;980;;direct;;;;1;utf-8;0;0;1;;0;1491116897599715108;;;[];;;;0
1647391970264352610;34322390;2017-04-02;2017-04-02 20:38:21;Я - похудела;http://perm.im-slim.ru/;http://link.2gis.ru/AB1DB6A9/v4-iphone/20170301/perm/r16_2252328094701356?http://perm.im-slim.ru/;;;;;;safari_mobile;10;0;ru;WebKit;602;1;50;0;ru;300;1;2;0;0;;0;46.147.23.xxx;1;apple;iPhone;;;;;ios10;ios_double;1334;750;Perm;Russia;32;11;667;1;375;1461;980;;referral;;;;0;utf-8;0;0;0;;0;14911546831061585717;;;[];;;;0
1647395053561970809;34322390;2017-04-02;2017-04-02 20:38:33;Я - похудела;http://perm.im-slim.ru/price;http://perm.im-slim.ru/;;;;;;safari_mobile;10;0;ru;WebKit;602;1;50;0;ru;300;1;2;0;0;;0;46.147.23.xxx;1;apple;iPhone;;;;;ios10;ios_double;1334;750;Perm;Russia;32;11;667;1;375;1461;980;;internal;;;;0;utf-8;0;0;0;;0;14911546831061585717;;;[];;;;0
1448016490082600802;34322390;2017-03-25;2017-03-25 01:22:24;Я - похудела;http://perm.im-slim.ru/;http://yandex.ru/clck/jsredir?from=yandex.ru;search%2F;web;;&text=&etext=1370&l10n=ru;;;;;;chrome;56;0;;WebKit;537;36;0;0;ru;300;1;1;0;0;;0;2.93.196.xxx;1;;;;;;;windows8_1;windows;768;1366;Perm;Russia;24;37;768;2;1366;638;1349;;organic;yandex_search;yandex;;0;utf-8;0;0;0;;0;1490394146677067428;;;[];;;;0
1448020402945656684;34322390;2017-03-25;2017-03-25 01:22:39;;http://perm.im-slim.ru/;;;;;;;chrome;56;0;;WebKit;537;36;0;0;ru;300;1;1;0;0;;0;2.93.196.xxx;1;;;;;;;windows8_1;windows;768;1366;Perm;Russia;24;37;768;2;1366;638;1349;;direct;;;;1;utf-8;0;0;1;;0;1490394146677067428;;;[];;;;0
1448042012716306121;34322390;2017-03-25;2017-03-25 01:24:01;Я - похудела;http://perm.im-slim.ru/reviews;http://yandex.ru/clck/jsredir?from=yandex.ru;search%2F;web;;&text=&etext=1370&l10n=ru;;;;;;chrome;56;0;;WebKit;537;36;0;0;ru;300;1;1;25;0;;0;2.93.196.xxx;1;;;;;;;windows8_1;windows;768;1366;Perm;Russia;24;37;768;2;1366;638;1349;;organic;yandex_search;yandex;;0;utf-8;0;0;0;;0;1490394146677067428;;;[];;;;0
1448046760767524553;34322390;2017-03-25;2017-03-25 01:24:20;;http://perm.im-slim.ru/reviews;;;;;;;chrome;56;0;;WebKit;537;36;0;0;ru;300;1;1;25;0;;0;2.93.196.xxx;1;;;;;;;windows8_1;windows;768;1366;Perm;Russia;24;37;768;2;1366;638;1349;;direct;;;;1;utf-8;0;0;1;;0;1490394146677067428;;;[];;;;0
1500216991810848617;34322390;2017-03-27;2017-03-27 08:41:13;Я - похудела;http://perm.im-slim.ru/;http://yandex.ru/clck/jsredir?from=yandex.ru;search%2F;web;;&text=&etext=1372&l10n=ru;;;;;;chrome;56;0;;WebKit;537;36;0;0;ru;300;1;1;0;0;;0;95.167.70.xxx;1;;;;;;;windows_7_2008server;windows;864;1536;Perm;Russia;24;37;864;2;1536;771;1519;;organic;yandex_search;yandex;;0;utf-8;0;0;0;;0;1490593275863002893;;;[];;;;0
1500220931581151081;34322390;2017-03-27;2017-03-27 08:41:28;;http://perm.im-slim.ru/;;;;;;;chrome;56;0;;WebKit;537;36;0;0;ru;300;1;1;0;0;;0;95.167.70.xxx;1;;;;;;;windows_7_2008server;windows;864;1536;Perm;Russia;24;37;864;2;1536;771;1519;;direct;;;;1;utf-8;0;0;1;;0;1490593275863002893;;;[];;;;0
1500228026277824372;34322390;2017-03-27;2017-03-27 08:41:55;Я - похудела;http://perm.im-slim.ru/promotions;http://perm.im-slim.ru/;;;;;;chrome;56;0;;WebKit;537;36;0;0;ru;300;1;1;0;0;;0;95.167.70.xxx;1;;;;;;;windows_7_2008server;windows;864;1536;Perm;Russia;24;37;864;2;1536;771;1519;;internal;;;;0;utf-8;0;0;0;;0;1490593275863002893;;;[24311590];;;;0
1500255998697015156;34322390;2017-03-27;2017-03-27 08:43:42;Я - похудела;http://perm.im-slim.ru/promotions;http://perm.im-slim.ru/promotions;;;;;;chrome;56;0;;WebKit;537;36;0;0;ru;300;1;1;0;0;;0;95.167.70.xxx;1;;;;;;;windows_7_2008server;windows;864;1536;Perm;Russia;24;37;864;2;1536;771;1519;;internal;;;;0;utf-8;0;0;0;;0;1490593275863002893;;;[24311590];;;;0
1500259787842781307;34322390;2017-03-27;2017-03-27 08:43:56;Я - похудела;http://perm.im-slim.ru/;http://yandex.ru/clck/jsredir?from=yandex.ru;search%2F;web;;&text=&etext=1372&l10n=ru;;;;;;chrome;56;0;;WebKit;537;36;0;0;ru;300;1;1;25;0;;0;95.167.70.xxx;1;;;;;;;windows_7_2008server;windows;864;1536;Perm;Russia;24;37;864;2;1536;771;1519;;organic;yandex_search;yandex;;0;utf-8;0;0;0;;0;1490593275863002893;;;[];;;;0
1500260463341731963;34322390;2017-03-27;2017-03-27 08:43:59;Я - похудела;http://perm.im-slim.ru/#raspisanie;http://perm.im-slim.ru/;;;;;;chrome;56;0;;WebKit;537;36;0;0;ru;300;1;1;25;0;;0;95.167.70.xxx;1;;;;;;;windows_7_2008server;windows;864;1536;Perm;Russia;24;37;864;2;1536;771;1519;;internal;;;;0;utf-8;0;0;0;;0;1490593275863002893;;;[];;;;0
1500266129501454459;34322390;2017-03-27;2017-03-27 08:44:21;;http://perm.im-slim.ru/#raspisanie;;;;;;;chrome;56;0;;WebKit;537;36;0;0;ru;300;1;1;25;0;;0;95.167.70.xxx;1;;;;;;;windows_7_2008server;windows;864;1536;Perm;Russia;24;37;864;2;1536;771;1519;;direct;;;;1;utf-8;0;0;1;;0;1490593275863002893;;;[];;;;0
1500268863737302736;34322390;2017-03-27;2017-03-27 08:44:31;Я - похудела;http://perm.im-slim.ru/reviews;http://perm.im-slim.ru/;;;;;;chrome;56;0;;WebKit;537;36;0;0;ru;300;1;1;25;0;;0;95.167.70.xxx;1;;;;;;;windows_7_2008server;windows;864;1536;Perm;Russia;24;37;864;2;1536;771;1519;;internal;;;;0;utf-8;0;0;0;;0;1490593275863002893;;;[];;;;0
1500272732846952149;34322390;2017-03-27;2017-03-27 08:44:46;;http://perm.im-slim.ru/reviews;;;;;;;chrome;56;0;;WebKit;537;36;0;0;ru;300;1;1;25;0;;0;95.167.70.xxx;1;;;;;;;windows_7_2008server;windows;864;1536;Perm;Russia;24;37;864;2;1536;771;1519;;direct;;;;1;utf-8;0;0;1;;0;1490593275863002893;;;[];;;;0
1500282206256629619;34322390;2017-03-27;2017-03-27 08:45:22;Я - похудела;http://perm.im-slim.ru/#raspisanie;http://yandex.ru/clck/jsredir?from=yandex.ru;search%2F;web;;&text=&etext=1372&l10n=ru;;;;;;chrome;56;0;;WebKit;537;36;0;0;ru;300;1;1;25;0;;0;95.167.70.xxx;1;;;;;;;windows_7_2008server;windows;864;1536;Perm;Russia;24;37;864;2;1536;771;1519;;organic;yandex_search;yandex;;0;utf-8;0;0;0;;0;1490593275863002893;;;[];;;;0
1500283178955573101;34322390;2017-03-27;2017-03-27 08:45:26;Я - похудела;http://perm.im-slim.ru/price;http://perm.im-slim.ru/;;;;;;chrome;56;0;;WebKit;537;36;0;0;ru;300;1;1;25;0;;0;95.167.70.xxx;1;;;;;;;windows_7_2008server;windows;864;1536;Perm;Russia;24;37;864;2;1536;771;1519;;internal;;;;0;utf-8;0;0;0;;0;1490593275863002893;;;[];;;;0
1500321045070219097;34322390;2017-03-27;2017-03-27 08:47:50;Я - похудела;http://perm.im-slim.ru/#raspisanie;http://yandex.ru/clck/jsredir?from=yandex.ru;search%2F;web;;&text=&etext=1372&l10n=ru;;;;;;chrome;56;0;;WebKit;537;36;0;0;ru;300;1;1;25;0;;0;95.167.70.xxx;1;;;;;;;windows_7_2008server;windows;864;1536;Perm;Russia;24;37;864;2;1536;771;1519;;organic;yandex_search;yandex;;0;utf-8;0;0;0;;0;1490593275863002893;;;[];;;;0
1500327043388932216;34322390;2017-03-27;2017-03-27 08:48:13;;http://perm.im-slim.ru/#raspisanie;;;;;;;chrome;56;0;;WebKit;537;36;0;0;ru;300;1;1;25;0;;0;95.167.70.xxx;1;;;;;;;windows_7_2008server;windows;864;1536;Perm;Russia;24;37;864;2;1536;771;1519;;direct;;;;1;utf-8;0;0;1;;0;1490593275863002893;;;[];;;;0
1500327986051940472;34322390;2017-03-27;2017-03-27 08:48:17;Я - похудела;http://perm.im-slim.ru/;http://perm.im-slim.ru/#raspisanie;;;;;;chrome;56;0;;WebKit;537;36;0;0;ru;300;1;1;25;0;;0;95.167.70.xxx;1;;;;;;;windows_7_2008server;windows;864;1536;Perm;Russia;24;37;864;2;1536;771;1519;;internal;;;;0;utf-8;0;0;0;;0;1490593275863002893;;;[];;;;0
1499467641821595512;34322390;2017-03-27;2017-03-27 07:53:35;Я - похудела;http://perm.im-slim.ru/;;;;;;;firefox;44;0;ru;Gecko;44;0;0;0;ru;300;1;1;0;0;;0;46.146.223.xxx;1;;;;;;;windows_7_2008server;windows;1080;1920;Perm;Russia;24;37;1080;2;1920;576;1007;;direct;;;;0;utf-8;0;0;0;;0;1486356739862278480;;;[];;;;0
1499471472456894328;34322390;2017-03-27;2017-03-27 07:53:49;;http://perm.im-slim.ru/;;;;;;;firefox;44;0;ru;Gecko;44;0;0;0;ru;300;1;1;0;0;;0;46.146.223.xxx;1;;;;;;;windows_7_2008server;windows;1080;1920;Perm;Russia;24;37;1080;2;1920;576;1007;;direct;;;;1;utf-8;0;0;1;;0;1486356739862278480;;;[];;;;0
1496042110970505898;34322390;2017-03-27;2017-03-27 04:15:47;Я - похудела;http://perm.im-slim.ru/;http://ru.search.yahoo.com/search?p=Я похудела пермь&fr=iphone&.tsrc=apple&pcarrier=MTS RUS&pmcc=250&pmnc=01;;;;;;safari_mobile;7;0;ru;WebKit;537;51;2;0;ru;360;1;2;0;0;;0;90.150.126.xxx;1;apple;iPhone;;;;;ios7;ios_double;1136;640;Lysva;Russia;32;11;568;1;320;1409;980;;organic;yahoo_search;yahoo;;0;utf-8;0;0;0;;0;1490574351190691251;;;[];;;;0
1496046094158137180;34322390;2017-03-27;2017-03-27 04:16:02;;http://perm.im-slim.ru/;;;;;;;safari_mobile;7;0;ru;WebKit;537;51;2;0;ru;360;1;2;0;0;;0;90.150.126.xxx;1;apple;iPhone;;;;;ios7;ios_double;1136;640;Lysva;Russia;32;11;568;1;320;1409;980;;direct;;;;1;utf-8;0;0;1;;0;1490574351190691251;;;[];;;;0
1496055463494287480;34322390;2017-03-27;2017-03-27 04:16:38;Я - похудела;http://perm.im-slim.ru/promotions;http://perm.im-slim.ru/;;;;;;safari_mobile;7;0;ru;WebKit;537;51;2;0;ru;360;1;2;0;0;;0;90.150.126.xxx;1;apple;iPhone;;;;;ios7;ios_double;1136;640;Lysva;Russia;32;11;568;1;320;1409;980;;internal;;;;0;utf-8;0;0;0;;0;1490574351190691251;;;[24311590];;;;0
1496070312441151605;34322390;2017-03-27;2017-03-27 04:17:35;Я - похудела;http://perm.im-slim.ru/promotions#raspisanie;http://perm.im-slim.ru/promotions;;;;;;safari_mobile;7;0;ru;WebKit;537;51;2;0;ru;360;1;2;0;0;;0;90.150.126.xxx;1;apple;iPhone;;;;;ios7;ios_double;1136;640;Lysva;Russia;32;11;568;1;320;1409;980;;internal;;;;0;utf-8;0;0;0;;0;1490574351190691251;;;[24311590];;;;0
1496098961831757693;34322390;2017-03-27;2017-03-27 04:19:24;Я - похудела;http://perm.im-slim.ru/price;http://perm.im-slim.ru/promotions;;;;;;safari_mobile;7;0;ru;WebKit;537;51;2;0;ru;360;1;2;0;0;;0;90.150.126.xxx;1;apple;iPhone;;;;;ios7;ios_double;1136;640;Lysva;Russia;32;11;568;1;320;1409;980;;internal;;;;0;utf-8;0;0;0;;0;1490574351190691251;;;[];;;;0
1496102881165051773;34322390;2017-03-27;2017-03-27 04:19:39;;http://perm.im-slim.ru/price;;;;;;;safari_mobile;7;0;ru;WebKit;537;51;2;0;ru;360;1;2;0;0;;0;90.150.126.xxx;1;apple;iPhone;;;;;ios7;ios_double;1136;640;Lysva;Russia;32;11;568;1;320;1409;980;;direct;;;;1;utf-8;0;0;1;;0;1490574351190691251;;;[];;;;0
1513405321158328441;34322390;2017-03-27;2017-03-27 22:39:43;Я - похудела;http://perm.im-slim.ru/price;http://perm.im-slim.ru/;;;;;;safari_mobile;10;0;ru;WebKit;602;4;6;0;ru;300;1;2;0;0;;0;46.147.58.xxx;1;apple;iPhone;;;;;ios10;ios_double;1334;750;Perm;Russia;32;11;667;1;375;1461;980;;internal;;;;0;utf-8;0;0;0;;0;1481135128816153622;;;[];;;;0
1527047894039267200;34322390;2017-03-28;2017-03-28 13:07:05;Я - похудела;http://perm.im-slim.ru/;https://yandex.ru/search/touch/?text=похудеть пермь&msid=1490695596.99288.22901.19452&lr=50;;;;;;safari_mobile;10;0;ru;WebKit;602;4;6;0;ru;300;1;2;0;0;;0;46.146.51.xxx;1;apple;iPhone;;;;;ios10;ios_double;1136;640;Perm;Russia;32;11;568;1;320;1409;980;;organic;yandex_mobile;yandex;;0;utf-8;0;0;0;;0;1463065703371515230;;;[];;;;0
1527051656613341872;34322390;2017-03-28;2017-03-28 13:07:19;;http://perm.im-slim.ru/;;;;;;;safari_mobile;10;0;ru;WebKit;602;4;6;0;ru;300;1;2;0;0;;0;46.146.51.xxx;1;apple;iPhone;;;;;ios10;ios_double;1136;640;Perm;Russia;32;11;568;1;320;1409;980;;direct;;;;1;utf-8;0;0;1;;0;1463065703371515230;;;[];;;;0
1527064000747023024;34322390;2017-03-28;2017-03-28 13:08:06;Я - похудела;http://perm.im-slim.ru/price;http://perm.im-slim.ru/;;;;;;safari_mobile;10;0;ru;WebKit;602;4;6;0;ru;300;1;2;0;0;;0;46.146.51.xxx;1;apple;iPhone;;;;;ios10;ios_double;1136;640;Perm;Russia;32;11;568;1;320;1409;980;;internal;;;;0;utf-8;0;0;0;;0;1463065703371515230;;;[];;;;0
1527073494227224439;34322390;2017-03-28;2017-03-28 13:08:43;Я - похудела;http://perm.im-slim.ru/;https://yandex.ru/search/touch/?text=похудеть пермь&msid=1490695596.99288.22901.19452&lr=50;;;;;;safari_mobile;10;0;ru;WebKit;602;4;6;0;ru;300;1;2;0;0;;0;46.146.51.xxx;1;apple;iPhone;;;;;ios10;ios_double;1136;640;Perm;Russia;32;11;568;1;320;1409;980;;organic;yandex_mobile;yandex;;0;utf-8;0;0;0;;0;1463065703371515230;;;[];;;;0
1522740597248502440;34322390;2017-03-28;2017-03-28 08:33:14;Я - похудела;http://perm.im-slim.ru/;http://all81.ru/f/tsentr-snizheniya-vesa-doktora-gavrilova.html?from=69080;;;;;;yandex_browser;17;3;;WebKit;537;36;0;0;ru;360;1;1;25;0;;0;46.146.16.xxx;1;;;;;;;windows_7_2008server;windows;768;1366;Perm;Russia;24;37;768;2;1366;670;1349;;referral;;;;0;utf-8;0;0;0;;0;1490675593236756534;;;[];;;;0
1522744593336248999;34322390;2017-03-28;2017-03-28 08:33:29;;http://perm.im-slim.ru/;;;;;;;yandex_browser;17;3;;WebKit;537;36;0;0;ru;360;1;1;25;0;;0;46.146.16.xxx;1;;;;;;;windows_7_2008server;windows;768;1366;Perm;Russia;24;37;768;2;1366;670;1349;;direct;;;;1;utf-8;0;0;1;;0;1490675593236756534;;;[];;;;0
1522768111669086063;34322390;2017-03-28;2017-03-28 08:34:59;Я - похудела;http://perm.im-slim.ru/price;http://perm.im-slim.ru/;;;;;;yandex_browser;17;3;;WebKit;537;36;0;0;ru;360;1;1;25;0;;0;46.146.16.xxx;1;;;;;;;windows_7_2008server;windows;768;1366;Perm;Russia;24;37;768;2;1366;670;1349;;internal;;;;0;utf-8;0;0;0;;0;1490675593236756534;;;[];;;;0
1533246418132404067;34322390;2017-03-28;2017-03-28 19:41:10;Я - похудела;http://perm.im-slim.ru/;;;;;;;chrome;56;0;;WebKit;537;36;0;0;ru;300;1;1;25;0;;0;89.148.199.xxx;1;;;;;;;windows8_1;windows;1080;1920;Perm;Russia;24;37;1080;2;1920;950;1903;;direct;;;;0;utf-8;0;0;0;;0;1477581533429089342;;;[];;;;0
1533250214217910115;34322390;2017-03-28;2017-03-28 19:41:25;;http://perm.im-slim.ru/;;;;;;;chrome;56;0;;WebKit;537;36;0;0;ru;300;1;1;25;0;;0;89.148.199.xxx;1;;;;;;;windows8_1;windows;1080;1920;Perm;Russia;24;37;1080;2;1920;950;1903;;direct;;;;1;utf-8;0;0;1;;0;1477581533429089342;;;[];;;;0
1533255780082911075;34322390;2017-03-28;2017-03-28 19:41:46;Я - похудела;http://perm.im-slim.ru/#raspisanie;http://perm.im-slim.ru/;;;;;;chrome;56;0;;WebKit;537;36;0;0;ru;300;1;1;25;0;;0;89.148.199.xxx;1;;;;;;;windows8_1;windows;1080;1920;Perm;Russia;24;37;1080;2;1920;950;1903;;internal;;;;0;utf-8;0;0;0;;0;1477581533429089342;;;[];;;;0
1534660528474425201;34322390;2017-03-28;2017-03-28 21:11:05;Я - похудела;http://perm.im-slim.ru/;http://yandex.ru/clck/jsredir?from=yandex.ru;search%2F;web;;&text=&etext=1374&l10n=ru;;;;;;chrome;56;0;;WebKit;537;36;0;0;ru;180;1;1;0;0;;0;94.50.7.xxx;1;;;;;;;windows_7_2008server;windows;600;1024;Perm;Russia;24;35;600;2;1024;532;1007;;organic;yandex_search;yandex;;0;utf-8;0;0;0;;0;1490724663611415533;;;[];;;;0
1534664460897095365;34322390;2017-03-28;2017-03-28 21:11:20;;http://perm.im-slim.ru/;;;;;;;chrome;56;0;;WebKit;537;36;0;0;ru;180;1;1;0;0;;0;94.50.7.xxx;1;;;;;;;windows_7_2008server;windows;600;1024;Perm;Russia;24;35;600;2;1024;532;1007;;direct;;;;1;utf-8;0;0;1;;0;1490724663611415533;;;[];;;;0
1522938760886488974;34322390;2017-03-28;2017-03-28 08:45:50;Я - похудела;http://perm.im-slim.ru/;https://yandex.ru/clck/jsredir?from=yandex.ru;search%2F;web;;&text=&etext=1373&l10n=ru;;;;;;firefox;52;0;ru;Gecko;52;0;0;0;ru;300;1;1;22;0;;0;178.47.128.xxx;1;;;;;;;windows_xp;windows;768;1024;Perm;Russia;24;28;768;2;1024;615;1007;;organic;yandex_search;yandex;;0;utf-8;0;0;0;;0;1490680138331002130;;;[];;;;0
1522942728807911310;34322390;2017-03-28;2017-03-28 08:46:05;;http://perm.im-slim.ru/;;;;;;;firefox;52;0;ru;Gecko;52;0;0;0;ru;300;1;1;22;0;;0;178.47.128.xxx;1;;;;;;;windows_xp;windows;768;1024;Perm;Russia;24;28;768;2;1024;615;1007;;direct;;;;1;utf-8;0;0;1;;0;1490680138331002130;;;[];;;;0
1522945597143519118;34322390;2017-03-28;2017-03-28 08:46:16;Я - похудела;http://perm.im-slim.ru/price;http://perm.im-slim.ru/;;;;;;firefox;52;0;ru;Gecko;52;0;0;0;ru;300;1;1;22;0;;0;178.47.128.xxx;1;;;;;;;windows_xp;windows;768;1024;Perm;Russia;24;28;768;2;1024;615;1007;;internal;;;;0;utf-8;0;0;0;;0;1490680138331002130;;;[];;;;0
1524531580981488291;34322390;2017-03-28;2017-03-28 10:27:06;Я - похудела;http://perm.im-slim.ru/;https://yandex.ru/clck/jsredir?from=yandex.ru;search%2F;web;;&text=&etext=1373&l10n=ru;;;;;;firefox;51;0;ru;Gecko;51;0;0;0;ru;300;1;1;25;0;;0;46.146.239.xxx;1;;;;;;;windows_7_2008server;windows;900;1440;Perm;Russia;24;33;900;2;1440;738;1424;;organic;yandex_search;yandex;;0;utf-8;0;0;0;;0;1473061131653748858;;;[];;;;0
1524534907343219363;34322390;2017-03-28;2017-03-28 10:27:19;Я - похудела;http://perm.im-slim.ru/#raspisanie;http://perm.im-slim.ru/;;;;;;firefox;51;0;ru;Gecko;51;0;0;0;ru;300;1;1;25;0;;0;46.146.239.xxx;1;;;;;;;windows_7_2008server;windows;900;1440;Perm;Russia;24;33;900;2;1440;738;1424;;internal;;;;0;utf-8;0;0;0;;0;1473061131653748858;;;[];;;;0
1524537022017963895;34322390;2017-03-28;2017-03-28 10:27:27;Я - похудела;http://perm.im-slim.ru/promotions;http://perm.im-slim.ru/;;;;;;firefox;51;0;ru;Gecko;51;0;0;0;ru;300;1;1;25;0;;0;46.146.239.xxx;1;;;;;;;windows_7_2008server;windows;900;1440;Perm;Russia;24;33;900;2;1440;738;1424;;internal;;;;0;utf-8;0;0;0;;0;1473061131653748858;;;[24311590];;;;0
1524545942088322774;34322390;2017-03-28;2017-03-28 10:28:01;Я - похудела;http://perm.im-slim.ru/reviews;http://perm.im-slim.ru/promotions;;;;;;firefox;51;0;ru;Gecko;51;0;0;0;ru;300;1;1;25;0;;0;46.146.239.xxx;1;;;;;;;windows_7_2008server;windows;900;1440;Perm;Russia;24;33;900;2;1440;738;1424;;internal;;;;0;utf-8;0;0;0;;0;1473061131653748858;;;[];;;;0
1524584174526140118;34322390;2017-03-28;2017-03-28 10:30:27;Я - похудела;http://perm.im-slim.ru/reviews#raspisanie;http://perm.im-slim.ru/reviews;;;;;;firefox;51;0;ru;Gecko;51;0;0;0;ru;300;1;1;25;0;;0;46.146.239.xxx;1;;;;;;;windows_7_2008server;windows;900;1440;Perm;Russia;24;33;900;2;1440;738;1424;;internal;;;;0;utf-8;0;0;0;;0;1473061131653748858;;;[];;;;0
1524587808006868694;34322390;2017-03-28;2017-03-28 10:30:40;Я - похудела;http://perm.im-slim.ru/promotions;http://perm.im-slim.ru/reviews;;;;;;firefox;51;0;ru;Gecko;51;0;0;0;ru;300;1;1;25;0;;0;46.146.239.xxx;1;;;;;;;windows_7_2008server;windows;900;1440;Perm;Russia;24;33;900;2;1440;738;1424;;internal;;;;0;utf-8;0;0;0;;0;1473061131653748858;;;[24311590];;;;0
1524694140982923146;34322390;2017-03-28;2017-03-28 10:37:26;Я - похудела;http://perm.im-slim.ru/;https://yandex.ru/clck/jsredir?from=yandex.ru;search%2F;web;;&text=&etext=1373&l10n=ru;;;;;;firefox;51;0;ru;Gecko;51;0;0;0;ru;300;1;1;25;0;;0;46.146.239.xxx;1;;;;;;;windows_7_2008server;windows;900;1440;Perm;Russia;24;33;900;2;1440;738;1424;;organic;yandex_search;yandex;;0;utf-8;0;0;0;;0;1473061131653748858;;;[];;;;0
1524694261922008970;34322390;2017-03-28;2017-03-28 10:37:26;Я - похудела;http://perm.im-slim.ru/;https://yandex.ru/clck/jsredir?from=yandex.ru;search%2F;web;;&text=&etext=1373&l10n=ru;;;;;;firefox;51;0;ru;Gecko;51;0;0;0;ru;300;1;1;25;0;;0;46.146.239.xxx;1;;;;;;;windows_7_2008server;windows;900;1440;Perm;Russia;24;33;900;2;1440;738;1424;;organic;yandex_search;yandex;;0;utf-8;0;0;0;;0;1473061131653748858;;;[];;;;0
1524696370150903690;34322390;2017-03-28;2017-03-28 10:37:35;Я - похудела;http://perm.im-slim.ru/#footer;http://perm.im-slim.ru/;;;;;;firefox;51;0;ru;Gecko;51;0;0;0;ru;300;1;1;25;0;;0;46.146.239.xxx;1;;;;;;;windows_7_2008server;windows;900;1440;Perm;Russia;24;33;900;2;1440;738;1424;;internal;;;;0;utf-8;0;0;0;;0;1473061131653748858;;;[];;;;0
1524698077279817610;34322390;2017-03-28;2017-03-28 10:37:41;;http://perm.im-slim.ru/;;;;;;;firefox;51;0;ru;Gecko;51;0;0;0;ru;300;1;1;25;0;;0;46.146.239.xxx;1;;;;;;;windows_7_2008server;windows;900;1440;Perm;Russia;24;33;900;2;1440;738;1424;;direct;;;;1;utf-8;0;0;1;;0;1473061131653748858;;;[];;;;0
1524700202160623498;34322390;2017-03-28;2017-03-28 10:37:49;;http://perm.im-slim.ru/#footer;;;;;;;firefox;51;0;ru;Gecko;51;0;0;0;ru;300;1;1;25;0;;0;46.146.239.xxx;1;;;;;;;windows_7_2008server;windows;900;1440;Perm;Russia;24;33;900;2;1440;738;1424;;direct;;;;1;utf-8;0;0;1;;0;1473061131653748858;;;[];;;;0
1524703568916123530;34322390;2017-03-28;2017-03-28 10:38:02;Я - похудела;http://perm.im-slim.ru/#raspisanie;http://perm.im-slim.ru/#footer;;;;;;firefox;51;0;ru;Gecko;51;0;0;0;ru;300;1;1;25;0;;0;46.146.239.xxx;1;;;;;;;windows_7_2008server;windows;900;1440;Perm;Russia;24;33;900;2;1440;738;1424;;internal;;;;0;utf-8;0;0;0;;0;1473061131653748858;;;[];;;;0
1524709768767999882;34322390;2017-03-28;2017-03-28 10:38:26;Я - похудела;http://perm.im-slim.ru/price;http://perm.im-slim.ru/;;;;;;firefox;51;0;ru;Gecko;51;0;0;0;ru;300;1;1;25;0;;0;46.146.239.xxx;1;;;;;;;windows_7_2008server;windows;900;1440;Perm;Russia;24;33;900;2;1440;738;1424;;internal;;;;0;utf-8;0;0;0;;0;1473061131653748858;;;[];;;;0
1534482738116562825;34322390;2017-03-28;2017-03-28 20:59:47;Я - похудела;http://perm.im-slim.ru/price;http://perm.im-slim.ru/;;;;;;safari_mobile;10;0;ru;WebKit;602;4;6;0;ru;300;1;2;0;0;;0;46.147.58.xxx;1;apple;iPhone;;;;;ios10;ios_double;1334;750;Perm;Russia;32;11;667;1;375;1461;980;;internal;;;;0;utf-8;0;0;0;;0;1481135128816153622;;;[];;;;0
1554157260140711826;34322390;2017-03-29;2017-03-29 17:50:39;Я - похудела;http://perm.im-slim.ru/;http://yandex.ru/clck/jsredir?from=yandex.ru;search%2F;web;;&text=&etext=1375&l10n=ru;;;;;;yandex_browser;17;3;;WebKit;537;36;0;0;ru;300;1;1;24;0;;0;195.222.157.xxx;1;;;;;;;windows_7_2008server;windows;768;1366;Perm;Russia;24;37;768;2;1366;660;1349;;organic;yandex_search;yandex;;0;utf-8;0;0;0;;0;1490799080720007283;;;[];;;;0
1554161474075103116;34322390;2017-03-29;2017-03-29 17:50:55;;http://perm.im-slim.ru/;;;;;;;yandex_browser;17;3;;WebKit;537;36;0;0;ru;300;1;1;24;0;;0;195.222.157.xxx;1;;;;;;;windows_7_2008server;windows;768;1366;Perm;Russia;24;37;768;2;1366;660;1349;;direct;;;;1;utf-8;0;0;1;;0;1490799080720007283;;;[];;;;0
1546523476240369532;34322390;2017-03-29;2017-03-29 09:45:18;Я - похудела;http://perm.im-slim.ru/;http://yandex.ru/clck/jsredir?from=yandex.ru;search%2F;web;;&text=&etext=1374&l10n=ru;;;;;;chrome;56;0;;WebKit;537;36;0;0;ru;300;1;1;0;0;;0;62.16.44.xxx;1;;;;;;;windows_7_2008server;windows;768;1366;Perm;Russia;24;37;768;2;1366;608;1017;;organic;yandex_search;yandex;;0;utf-8;0;0;0;;0;1490770093804045444;;;[];;;;0
1546527691613667454;34322390;2017-03-29;2017-03-29 09:45:34;;http://perm.im-slim.ru/;;;;;;;chrome;56;0;;WebKit;537;36;0;0;ru;300;1;1;0;0;;0;62.16.44.xxx;1;;;;;;;windows_7_2008server;windows;768;1366;Perm;Russia;24;37;768;2;1366;608;1017;;direct;;;;1;utf-8;0;0;1;;0;1490770093804045444;;;[];;;;0
1554099118501005179;34322390;2017-03-29;2017-03-29 17:46:57;Я - похудела;http://perm.im-slim.ru/;;;;;;;chrome;56;0;;WebKit;537;36;0;0;ru;420;1;1;0;0;;0;90.188.119.xxx;1;;;;;;;windows_7_2008server;windows;840;1344;Tomsk;Russia;24;33;840;2;1344;710;1328;;direct;;;;0;utf-8;0;0;0;;0;1490798815277300579;;;[];;;;0
1554103163820967787;34322390;2017-03-29;2017-03-29 17:47:13;;http://perm.im-slim.ru/;;;;;;;chrome;56;0;;WebKit;537;36;0;0;ru;420;1;1;0;0;;0;90.188.119.xxx;1;;;;;;;windows_7_2008server;windows;840;1344;Tomsk;Russia;24;33;840;2;1344;710;1328;;direct;;;;1;utf-8;0;0;1;;0;1490798815277300579;;;[];;;;0
1554104126213195613;34322390;2017-03-29;2017-03-29 17:47:16;Я - похудела;http://perm.im-slim.ru/video;http://perm.im-slim.ru/;;;;;;chrome;56;0;;WebKit;537;36;0;0;ru;420;1;1;0;0;;0;90.188.119.xxx;1;;;;;;;windows_7_2008server;windows;840;1344;Tomsk;Russia;24;33;840;2;1344;710;1328;;internal;;;;0;utf-8;0;0;0;;0;1490798815277300579;;;[];;;;0
1554106456544127647;34322390;2017-03-29;2017-03-29 17:47:25;Я - похудела;http://perm.im-slim.ru/video#footer;http://perm.im-slim.ru/video;;;;;;chrome;56;0;;WebKit;537;36;0;0;ru;420;1;1;0;0;;0;90.188.119.xxx;1;;;;;;;windows_7_2008server;windows;840;1344;Tomsk;Russia;24;33;840;2;1344;710;1328;;internal;;;;0;utf-8;0;0;0;;0;1490798815277300579;;;[];;;;0
1554111704898209637;34322390;2017-03-29;2017-03-29 17:47:45;Я - похудела;http://perm.im-slim.ru/price;http://perm.im-slim.ru/video;;;;;;chrome;56;0;;WebKit;537;36;0;0;ru;420;1;1;0;0;;0;90.188.119.xxx;1;;;;;;;windows_7_2008server;windows;840;1344;Tomsk;Russia;24;33;840;2;1344;710;1328;;internal;;;;0;utf-8;0;0;0;;0;1490798815277300579;;;[];;;;0
1567779286315707044;34322390;2017-03-30;2017-03-30 08:16:43;Я - похудела;http://perm.im-slim.ru/price;http://yandex.ru/clck/jsredir?from=yandex.ru;search%2F;web;;&text=&etext=1375&l10n=ru;;;;;;msie;9;0;;Trident;5;0;0;0;ru;300;1;1;15;0;;0;178.47.88.xxx;1;;;;;;;windows_7_2008server;windows;0;0;Perm;Russia;24;26;1024;2;1280;899;1280;;organic;yandex_search;yandex;;0;utf-8;0;0;0;;0;1490850994541256616;;;[];;;;0
1567784834024343388;34322390;2017-03-30;2017-03-30 08:16:56;;http://perm.im-slim.ru/price;;;;;;;msie;9;0;;Trident;5;0;0;0;ru;300;1;1;15;0;;0;178.47.88.xxx;1;;;;;;;windows_7_2008server;windows;0;0;Perm;Russia;24;26;1024;2;1280;899;1263;;direct;;;;1;utf-8;0;0;1;;0;1490850994541256616;;;[];;;;0
1567784509796517723;34322390;2017-03-30;2017-03-30 08:17:03;Я - похудела;http://perm.im-slim.ru/price;http://perm.im-slim.ru/price;;;;;;msie;9;0;;Trident;5;0;0;0;ru;300;1;1;15;0;;0;178.47.88.xxx;1;;;;;;;windows_7_2008server;windows;0;0;Perm;Russia;24;26;1024;2;1280;899;1280;;internal;;;;0;utf-8;0;0;0;;0;1490850994541256616;;;[];;;;0
1567787991609378652;34322390;2017-03-30;2017-03-30 08:17:16;Я - похудела;http://perm.im-slim.ru/price;http://perm.im-slim.ru/price;;;;;;msie;9;0;;Trident;5;0;0;0;ru;300;1;1;15;0;;0;178.47.88.xxx;1;;;;;;;windows_7_2008server;windows;0;0;Perm;Russia;24;26;1024;2;1280;899;1280;;internal;;;;0;utf-8;0;0;0;;0;1490850994541256616;;;[];;;;0
1567877689844172665;34322390;2017-03-30;2017-03-30 08:22:58;Я - похудела;http://perm.im-slim.ru/price;http://perm.im-slim.ru/price;;;;;;msie;9;0;;Trident;5;0;0;0;ru;300;1;1;15;0;;0;178.47.88.xxx;1;;;;;;;windows_7_2008server;windows;0;0;Perm;Russia;24;26;1024;2;1280;899;1280;;internal;;;;0;utf-8;0;0;0;;0;1490850994541256616;;;[];;;;0
1567879123479299929;34322390;2017-03-30;2017-03-30 08:23:04;Я - похудела;http://perm.im-slim.ru/price#raspisanie;http://perm.im-slim.ru/price;;;;;;msie;9;0;;Trident;5;0;0;0;ru;300;1;1;15;0;;0;178.47.88.xxx;1;;;;;;;windows_7_2008server;windows;0;0;Perm;Russia;24;26;1024;2;1280;899;1263;;internal;;;;0;utf-8;0;0;0;;0;1490850994541256616;;;[];;;;0
1574158509155811446;34322390;2017-03-30;2017-03-30 15:02:18;Я - похудела;http://perm.im-slim.ru/price;http://perm.im-slim.ru/;;;;;;safari_mobile;10;0;ru;WebKit;602;4;6;0;ru;300;1;2;0;0;;0;217.118.83.xxx;1;apple;iPhone;;;;;ios10;ios_double;1334;750;;Russia;32;11;667;1;375;1461;980;;internal;;;;0;utf-8;0;0;0;;0;1481135128816153622;;;[];;;;0
1592609948015003491;34322390;2017-03-31;2017-03-31 10:35:24;Я - похудела;http://perm.im-slim.ru/;http://link.2gis.ru/1.2/0831010C/webapi/20170301/project16/2252328094701356/dietolog.org/99i2d4G4G6I1G2GJ1H1Hsf5A3ge839588I3591C46uvhcA0C13359G79I2H0d15t348G4424526811472J3H4J2J0fh?http://perm.im-slim.ru;;;;;;chromemobile;57;0;ru;WebKit;602;1;50;0;ru;300;1;2;0;0;;0;213.87.240.xxx;1;apple;iPhone;;;;;ios10;ios_double;1136;640;;Russia;32;11;568;1;320;1507;980;;referral;;;;0;utf-8;0;0;0;;0;148938898120854397;;;[];;;;0
1592611274410690427;34322390;2017-03-31;2017-03-31 10:35:29;Я - похудела;http://perm.im-slim.ru/#footer;http://perm.im-slim.ru/;;;;;;chromemobile;57;0;ru;WebKit;602;1;50;0;ru;300;1;2;0;0;;0;213.87.240.xxx;1;apple;iPhone;;;;;ios10;ios_double;1136;640;;Russia;32;11;568;1;320;1507;980;;internal;;;;0;utf-8;0;0;0;;0;148938898120854397;;;[];;;;0
1593213003593942886;34322390;2017-03-31;2017-03-31 10:35:37;;https://vk.com/public112610613;http://perm.im-slim.ru/#footer;;;;;;chromemobile;57;0;ru;WebKit;602;1;50;0;ru;300;1;2;0;0;;0;213.87.240.xxx;1;apple;iPhone;;;;;ios10;ios_double;1136;640;;Russia;32;11;568;1;320;1678;980;;external;;;;0;utf-8;1;0;0;;0;148938898120854397;;;[];;;;0
1593213223301023591;34322390;2017-03-31;2017-03-31 11:13:46;Я - похудела;http://perm.im-slim.ru/;http://link.2gis.ru/1.2/0831010C/webapi/20170301/project16/2252328094701356/dietolog.org/4A6D24G4G6I1G2GJ1H1H7d5gqge8399AAI2591C46uvhcA0C4877BG79I2H0q2obq48G4424526811472J3H4J2J0f4?http://perm.im-slim.ru;;;;;;chromemobile;57;0;ru;WebKit;602;1;50;0;ru;300;1;2;0;0;;0;213.87.240.xxx;1;apple;iPhone;;;;;ios10;ios_double;1136;640;;Russia;32;11;568;1;320;1507;980;;referral;;;;0;utf-8;0;0;0;;0;148938898120854397;;;[];;;;0
1593216657699383981;34322390;2017-03-31;2017-03-31 11:13:59;Я - похудела;http://perm.im-slim.ru/promotions;http://perm.im-slim.ru/;;;;;;chromemobile;57;0;ru;WebKit;602;1;50;0;ru;300;1;2;0;0;;0;213.87.240.xxx;1;apple;iPhone;;;;;ios10;ios_double;1136;640;;Russia;32;11;568;1;320;1507;980;;internal;;;;0;utf-8;0;0;0;;0;148938898120854397;;;[24311590];;;;0
1593229202694351519;34322390;2017-03-31;2017-03-31 11:14:47;Я - похудела;http://perm.im-slim.ru/promotions#footer;http://perm.im-slim.ru/promotions;;;;;;chromemobile;57;0;ru;WebKit;602;1;50;0;ru;300;1;2;0;0;;0;213.87.240.xxx;1;apple;iPhone;;;;;ios10;ios_double;1136;640;;Russia;32;11;568;1;320;1507;980;;internal;;;;0;utf-8;0;0;0;;0;148938898120854397;;;[24311590];;;;0
1593232689022897875;34322390;2017-03-31;2017-03-31 11:15:00;Я - похудела;http://perm.im-slim.ru/promotions#raspisanie;http://perm.im-slim.ru/promotions#footer;;;;;;chromemobile;57;0;ru;WebKit;602;1;50;0;ru;300;1;2;0;0;;0;213.87.240.xxx;1;apple;iPhone;;;;;ios10;ios_double;1136;640;;Russia;32;11;568;1;320;1678;980;;internal;;;;0;utf-8;0;0;0;;0;148938898120854397;;;[24311590];;;;0
1598215264202664612;34322390;2017-03-31;2017-03-31 16:31:47;Я - похудела;http://perm.im-slim.ru/reviews/2;https://google.ru/;;;;;;chrome;56;0;;WebKit;537;36;0;0;ru;180;1;1;0;0;;0;212.73.96.xxx;1;;;;;;;windows_7_2008server;windows;720;1280;Moscow;Russia;24;37;720;2;1280;616;1263;;organic;google_search;google;;0;utf-8;0;0;0;;0;1490967107486222682;;;[20824850];;;;0
1598219177434294948;34322390;2017-03-31;2017-03-31 16:32:02;;http://perm.im-slim.ru/reviews/2;;;;;;;chrome;56;0;;WebKit;537;36;0;0;ru;180;1;1;0;0;;0;212.73.96.xxx;1;;;;;;;windows_7_2008server;windows;720;1280;Moscow;Russia;24;37;720;2;1280;616;1263;;direct;;;;1;utf-8;0;0;1;;0;1490967107486222682;;;[];;;;0
1597140327216185461;34322390;2017-03-31;2017-03-31 15:23:26;Я - похудела;http://perm.im-slim.ru/;http://link.2gis.ru/9D0E6A23/grym/20170301/perm/8007d000065a9?http://perm.im-slim.ru;;;;;;opera;12;2;;Presto;2;10;289;0;ru;300;1;1;25;0;;0;46.146.108.xxx;1;;;;;;;windows_7_2008server;windows;768;1366;Perm;Russia;32;37;768;2;1366;645;1113;;referral;;;;0;utf-8;0;0;0;;0;1490963262243875832;;;[];;;;0
1597144275439324873;34322390;2017-03-31;2017-03-31 15:23:41;;http://perm.im-slim.ru/;;;;;;;opera;12;2;;Presto;2;10;289;0;ru;300;1;1;25;0;;0;46.146.108.xxx;1;;;;;;;windows_7_2008server;windows;768;1366;Perm;Russia;32;37;768;2;1366;645;1113;;direct;;;;1;utf-8;0;0;1;;0;1490963262243875832;;;[];;;;0
1597156567764176782;34322390;2017-03-31;2017-03-31 15:24:28;Я - похудела;http://perm.im-slim.ru/video;http://perm.im-slim.ru/;;;;;;opera;12;2;;Presto;2;10;289;0;ru;300;1;1;25;0;;0;46.146.108.xxx;1;;;;;;;windows_7_2008server;windows;768;1366;Perm;Russia;32;37;768;2;1366;645;1113;;internal;;;;0;utf-8;0;0;0;;0;1490963262243875832;;;[];;;;0
1585250833482385256;34322390;2017-03-31;2017-03-31 02:47:32;Я - похудела;http://perm.im-slim.ru/;http://all81.ru/f/tsentr-snizheniya-vesa-doktora-gavrilova.html?from=69080;;;;;;yandex_browser;17;3;;WebKit;537;36;0;0;ru;300;1;1;25;0;;0;46.146.11.xxx;1;;;;;;;windows8_1;windows;768;1366;Perm;Russia;24;37;768;2;1366;660;1348;;referral;;;;0;utf-8;0;0;0;;0;1490917650945211941;;;[];;;;0
1585254699125968783;34322390;2017-03-31;2017-03-31 02:47:46;;http://perm.im-slim.ru/;;;;;;;yandex_browser;17;3;;WebKit;537;36;0;0;ru;300;1;1;25;0;;0;46.146.11.xxx;1;;;;;;;windows8_1;windows;768;1366;Perm;Russia;24;37;768;2;1366;660;1348;;direct;;;;1;utf-8;0;0;1;;0;1490917650945211941;;;[];;;;0
1585339443425316551;34322390;2017-03-31;2017-03-31 02:53:10;Я - похудела;http://perm.im-slim.ru/price;http://perm.im-slim.ru/;;;;;;yandex_browser;17;3;;WebKit;537;36;0;0;ru;300;1;1;25;0;;0;46.146.11.xxx;1;;;;;;;windows8_1;windows;768;1366;Perm;Russia;24;37;768;2;1366;660;1348;;internal;;;;0;utf-8;0;0;0;;0;1490917650945211941;;;[];;;;0
1598017967628486501;34322390;2017-03-31;2017-03-31 16:19:14;Я - похудела;http://perm.im-slim.ru/;;;;;;;firefox;44;0;ru;Gecko;44;0;0;0;ru;300;1;1;0;0;;0;46.146.223.xxx;1;;;;;;;windows_7_2008server;windows;1080;1920;Perm;Russia;24;37;1080;2;1920;576;1007;;direct;;;;0;utf-8;0;0;0;;0;1486356739862278480;;;[];;;;0
1598021901214025573;34322390;2017-03-31;2017-03-31 16:19:29;;http://perm.im-slim.ru/;;;;;;;firefox;44;0;ru;Gecko;44;0;0;0;ru;300;1;1;0;0;;0;46.146.223.xxx;1;;;;;;;windows_7_2008server;windows;1080;1920;Perm;Russia;24;37;1080;2;1920;576;1007;;direct;;;;1;utf-8;0;0;1;;0;1486356739862278480;;;[];;;;0
1459332076458479302;34322390;2017-03-25;2017-03-25 13:21:50;Я - похудела;http://perm.im-slim.ru/;http://link.2gis.ru/9D0E6A23/grym/20170301/perm/8007d000065a9?http://perm.im-slim.ru;;;;;;firefox;52;0;ru;Gecko;52;0;0;0;ru;300;1;1;25;0;;0;46.146.36.xxx;1;;;;;;;windows8_1;windows;1024;1280;Perm;Russia;24;26;1024;2;1280;913;1263;;referral;;;;0;utf-8;0;0;0;;0;1490437305211715752;;;[];;;;0
1459335898823397062;34322390;2017-03-25;2017-03-25 13:22:04;;http://perm.im-slim.ru/;;;;;;;firefox;52;0;ru;Gecko;52;0;0;0;ru;300;1;1;25;0;;0;46.146.36.xxx;1;;;;;;;windows8_1;windows;1024;1280;Perm;Russia;24;26;1024;2;1280;913;1263;;direct;;;;1;utf-8;0;0;1;;0;1490437305211715752;;;[];;;;0
1459039676098947747;34322390;2017-03-25;2017-03-25 13:03:14;Я - похудела;http://perm.im-slim.ru/;http://link.2gis.ru/1.2/D11A6BDF/online/20170301/project16/2252328094701356/2gis.ru/1Bhg96G6G421G5G4H1HH31g89ewB4207482834586uvrg8G44C30I2B4577Gf3A56p8p64G3G251A4821JJH4JI95f/place=1&sid=77290212-95ff-4f7f-81dd-c1c80c852cd1&user=1338fc49-2d81-46a8-88fb-6624a1fe19ce&ts=1490436197617?http://perm.im-slim.ru;;;;;;chrome;52;0;;WebKit;537;36;0;0;ru;300;1;1;25;0;;0;46.146.4.xxx;1;;;;;;;windows_7_2008server;windows;600;1024;Perm;Russia;24;35;600;2;1024;475;1007;;referral;;;;0;utf-8;0;0;0;;0;1490436202837360014;;;[];;;;0
1459043638698322595;34322390;2017-03-25;2017-03-25 13:03:28;;http://perm.im-slim.ru/;;;;;;;chrome;52;0;;WebKit;537;36;0;0;ru;300;1;1;25;0;;0;46.146.4.xxx;1;;;;;;;windows_7_2008server;windows;600;1024;Perm;Russia;24;35;600;2;1024;475;1007;;direct;;;;1;utf-8;0;0;1;;0;1490436202837360014;;;[];;;;0
1459051270554004131;34322390;2017-03-25;2017-03-25 13:03:58;Я - похудела;http://perm.im-slim.ru/#footer;http://perm.im-slim.ru/;;;;;;chrome;52;0;;WebKit;537;36;0;0;ru;300;1;1;25;0;;0;46.146.4.xxx;1;;;;;;;windows_7_2008server;windows;600;1024;Perm;Russia;24;35;600;2;1024;475;1007;;internal;;;;0;utf-8;0;0;0;;0;1490436202837360014;;;[];;;;0
1459056567556254371;34322390;2017-03-25;2017-03-25 13:04:19;Я - похудела;http://perm.im-slim.ru/#raspisanie;http://perm.im-slim.ru/#footer;;;;;;chrome;52;0;;WebKit;537;36;0;0;ru;300;1;1;25;0;;0;46.146.4.xxx;1;;;;;;;windows_7_2008server;windows;600;1024;Perm;Russia;24;35;600;2;1024;475;1007;;internal;;;;0;utf-8;0;0;0;;0;1490436202837360014;;;[];;;;0
1459068984941610874;34322390;2017-03-25;2017-03-25 13:05:06;Я - похудела;http://perm.im-slim.ru/promotions;http://perm.im-slim.ru/;;;;;;chrome;52;0;;WebKit;537;36;0;0;ru;300;1;1;25;0;;0;46.146.4.xxx;1;;;;;;;windows_7_2008server;windows;600;1024;Perm;Russia;24;35;600;2;1024;475;1007;;internal;;;;0;utf-8;0;0;0;;0;1490436202837360014;;;[24311590];;;;0
1459081939520063359;34322390;2017-03-25;2017-03-25 13:05:54;Я - похудела;http://perm.im-slim.ru/price;http://perm.im-slim.ru/promotions;;;;;;chrome;52;0;;WebKit;537;36;0;0;ru;300;1;1;25;0;;0;46.146.4.xxx;1;;;;;;;windows_7_2008server;windows;600;1024;Perm;Russia;24;35;600;2;1024;475;1007;;internal;;;;0;utf-8;0;0;0;;0;1490436202837360014;;;[];;;;0
1455060685725892725;34322390;2017-03-25;2017-03-25 08:50:16;Я - похудела;http://perm.im-slim.ru/;http://yandex.ru/clck/jsredir?from=yandex.ru;search%2F;web;;&text=&etext=1370&l10n=ru;;;;;;msie;11;0;ru;Trident;7;0;0;0;ru;300;1;1;16;0;;0;5.141.8.xxx;1;;;;;;;windows_7_2008server;windows;900;1440;Perm;Russia;24;33;720;2;1152;597;1152;;organic;yandex_search;yandex;;0;utf-8;0;0;0;;0;1490420998685871212;;;[];;;;0
1491082008718477155;34322390;2017-03-26;2017-03-26 23:00:26;Я - похудела;http://perm.im-slim.ru/price;http://perm.im-slim.ru/;;;;;;safari_mobile;10;0;ru;WebKit;602;4;6;0;ru;300;1;2;0;0;;0;46.147.58.xxx;1;apple;iPhone;;;;;ios10;ios_double;1334;750;Perm;Russia;32;11;667;1;375;1461;980;;internal;;;;0;utf-8;0;0;0;;0;1481135128816153622;;;[];;;;0
1501452100402679696;34322390;2017-03-27;2017-03-27 09:59:45;Я - похудела;http://perm.im-slim.ru/;http://yandex.ru/clck/jsredir?from=yandex.ru;search%2F;web;;&text=&etext=1372&l10n=ru;;;;;;opera;36;0;;WebKit;537;36;0;0;ru;300;1;1;23;0;;0;5.141.231.xxx;1;;;;;;;windows_xp;windows;1080;1920;Perm;Russia;24;37;1080;2;1920;972;1899;;organic;yandex_search;yandex;;0;utf-8;0;0;0;;0;149059803729313807;;;[];;;;0
1501452140325635949;34322390;2017-03-27;2017-03-27 09:59:45;Я - похудела;http://perm.im-slim.ru/;http://yandex.ru/clck/jsredir?from=yandex.ru;search%2F;web;;&text=&etext=1372&l10n=ru;;;;;;opera;36;0;;WebKit;537;36;0;0;ru;300;1;1;23;0;;0;5.141.231.xxx;1;;;;;;;windows_xp;windows;1080;1920;Perm;Russia;24;37;1080;2;1920;972;1899;;organic;yandex_search;yandex;;0;utf-8;0;0;0;;0;149059803729313807;;;[];;;;0
1501453840048457581;34322390;2017-03-27;2017-03-27 09:59:51;Я - похудела;http://perm.im-slim.ru/price;http://perm.im-slim.ru/;;;;;;opera;36;0;;WebKit;537;36;0;0;ru;300;1;1;23;0;;0;5.141.231.xxx;1;;;;;;;windows_xp;windows;1080;1920;Perm;Russia;24;37;1080;2;1920;972;1899;;internal;;;;0;utf-8;0;0;0;;0;149059803729313807;;;[];;;;0
1501456101117267856;34322390;2017-03-27;2017-03-27 10:00:00;;http://perm.im-slim.ru/;;;;;;;opera;36;0;;WebKit;537;36;0;0;ru;300;1;1;23;0;;0;5.141.231.xxx;1;;;;;;;windows_xp;windows;1080;1920;Perm;Russia;24;37;1080;2;1920;972;1899;;direct;;;;1;utf-8;0;0;1;;0;149059803729313807;;;[];;;;0
1501457099159766907;34322390;2017-03-27;2017-03-27 10:00:04;Я - похудела;http://perm.im-slim.ru/;http://yandex.ru/clck/jsredir?from=yandex.ru;search%2F;web;;&text=&etext=1372&l10n=ru;;;;;;opera;36;0;;WebKit;537;36;0;0;ru;300;1;1;23;0;;0;5.141.231.xxx;1;;;;;;;windows_xp;windows;1080;1920;Perm;Russia;24;37;1080;2;1920;972;1899;;organic;yandex_search;yandex;;0;utf-8;0;0;0;;0;149059803729313807;;;[];;;;0
1501461011693833928;34322390;2017-03-27;2017-03-27 10:00:19;;http://perm.im-slim.ru/;;;;;;;opera;36;0;;WebKit;537;36;0;0;ru;300;1;1;23;0;;0;5.141.231.xxx;1;;;;;;;windows_xp;windows;1080;1920;Perm;Russia;24;37;1080;2;1920;972;1899;;direct;;;;1;utf-8;0;0;1;;0;149059803729313807;;;[];;;;0
1501464354349909865;34322390;2017-03-27;2017-03-27 10:00:31;Я - похудела;http://perm.im-slim.ru/price;http://perm.im-slim.ru/;;;;;;opera;36;0;;WebKit;537;36;0;0;ru;300;1;1;23;0;;0;5.141.231.xxx;1;;;;;;;windows_xp;windows;1080;1920;Perm;Russia;24;37;1080;2;1920;972;1899;;internal;;;;0;utf-8;0;0;0;;0;149059803729313807;;;[];;;;0
1501480021085654728;34322390;2017-03-27;2017-03-27 10:01:31;Я - похудела;http://perm.im-slim.ru/reviews;http://perm.im-slim.ru/price;;;;;;opera;36;0;;WebKit;537;36;0;0;ru;300;1;1;23;0;;0;5.141.231.xxx;1;;;;;;;windows_xp;windows;1080;1920;Perm;Russia;24;37;1080;2;1920;972;1899;;internal;;;;0;utf-8;0;0;0;;0;149059803729313807;;;[];;;;0
1501551905874378875;34322390;2017-03-27;2017-03-27 10:06:05;Я - похудела;http://perm.im-slim.ru/;http://yandex.ru/clck/jsredir?from=yandex.ru;search%2F;web;;&text=&etext=1372&l10n=ru;;;;;;opera;36;0;;WebKit;537;36;0;0;ru;300;1;1;23;0;;0;5.141.231.xxx;1;;;;;;;windows_xp;windows;1080;1920;Perm;Russia;24;37;1080;2;1920;972;1899;;organic;yandex_search;yandex;;0;utf-8;0;0;0;;0;149059803729313807;;;[];;;;0
1509735164271136655;34322390;2017-03-27;2017-03-27 18:46:22;Я - похудела;http://perm.im-slim.ru/price;;;;;;;safari_mobile;7;0;ru;WebKit;537;51;2;0;ru;360;1;2;0;0;;0;77.43.248.xxx;1;apple;iPhone;;;;;ios7;ios_double;1136;640;Perm;Russia;32;11;568;1;320;1409;980;;direct;;;;0;utf-8;0;0;0;;0;14906265871063241978;;;[];;;;0
1511319898217516748;34322390;2017-03-27;2017-03-27 20:27:07;Я - похудела;http://perm.im-slim.ru/;http://yandex.ru/clck/jsredir?from=yandex.ru;search%2F;web;;&text=&etext=1373&l10n=ru;;;;;;yandex_browser;17;3;;WebKit;537;36;0;0;ru;300;1;1;23;0;;0;91.108.169.xxx;1;;;;;;;windows_7_2008server;windows;1080;1920;Berezniki;Russia;24;37;1080;2;1920;972;1903;;organic;yandex_search;yandex;;0;utf-8;0;0;0;;0;1490635628870292440;;;[];;;;0
1511323718413717196;34322390;2017-03-27;2017-03-27 20:27:22;;http://perm.im-slim.ru/;;;;;;;yandex_browser;17;3;;WebKit;537;36;0;0;ru;300;1;1;23;0;;0;91.108.169.xxx;1;;;;;;;windows_7_2008server;windows;1080;1920;Berezniki;Russia;24;37;1080;2;1920;972;1903;;direct;;;;1;utf-8;0;0;1;;0;1490635628870292440;;;[];;;;0
1508632835915779798;34322390;2017-03-27;2017-03-27 17:36:17;Я - похудела;http://perm.im-slim.ru/;https://yandex.ru/search/touch/?text=Офис похудения HL адрес&lr=44&clid=2253636;;;;;;samsung_internet;3;3;;WebKit;537;36;0;0;ru;240;1;2;0;0;;0;46.147.190.xxx;1;samsung;SAMSUNG SM-G531H;;;;;android_lollipop5;android;960;540;Izhevsk;Russia;32;11;640;1;360;1393;980;;organic;yandex_mobile;yandex;;0;utf-8;0;0;0;;0;1490625379359202350;wi_fi;;[];;;;0
1513146154538764060;34322390;2017-03-27;2017-03-27 22:23:14;Я - похудела;http://perm.im-slim.ru/;https://google.ru/;;;;;;safari_mobile;10;0;ru;WebKit;602;2;14;0;ru;180;1;2;0;0;;0;78.25.123.xxx;1;apple;iPhone;;;;;ios10;ios_double;1136;640;Saint Petersburg;Russia;32;11;568;1;320;1409;980;;organic;google_search;google;;0;utf-8;0;0;0;;0;1490642591739872193;;;[];;;;0
1513149246670898972;34322390;2017-03-27;2017-03-27 22:23:26;;http://perm.im-slim.ru/;;;;;;;safari_mobile;10;0;ru;WebKit;602;2;14;0;ru;180;1;2;0;0;;0;78.25.123.xxx;1;apple;iPhone;;;;;ios10;ios_double;1136;640;Saint Petersburg;Russia;32;11;568;1;320;1409;980;;direct;;;;1;utf-8;0;0;1;;0;1490642591739872193;;;[];;;;0
1513168631794763542;34322390;2017-03-27;2017-03-27 22:24:40;Я - похудела;http://perm.im-slim.ru/price;http://perm.im-slim.ru/;;;;;;safari_mobile;10;0;ru;WebKit;602;2;14;0;ru;180;1;2;0;0;;0;78.25.123.xxx;1;apple;iPhone;;;;;ios10;ios_double;1136;640;Saint Petersburg;Russia;32;11;568;1;320;1409;980;;internal;;;;0;utf-8;0;0;0;;0;1490642591739872193;;;[];;;;0
1513172665114560276;34322390;2017-03-27;2017-03-27 22:24:55;;http://perm.im-slim.ru/price;;;;;;;safari_mobile;10;0;ru;WebKit;602;2;14;0;ru;180;1;2;0;0;;0;78.25.123.xxx;1;apple;iPhone;;;;;ios10;ios_double;1136;640;Saint Petersburg;Russia;32;11;568;1;320;1409;980;;direct;;;;1;utf-8;0;0;1;;0;1490642591739872193;;;[];;;;0
1513180764392916766;34322390;2017-03-27;2017-03-27 22:25:26;Я - похудела;http://perm.im-slim.ru/reviews;http://perm.im-slim.ru/price;;;;;;safari_mobile;10;0;ru;WebKit;602;2;14;0;ru;180;1;2;0;0;;0;78.25.123.xxx;1;apple;iPhone;;;;;ios10;ios_double;1136;640;Saint Petersburg;Russia;32;11;568;1;320;1409;980;;internal;;;;0;utf-8;0;0;0;;0;1490642591739872193;;;[];;;;0
1513184720351659798;34322390;2017-03-27;2017-03-27 22:25:41;;http://perm.im-slim.ru/reviews;;;;;;;safari_mobile;10;0;ru;WebKit;602;2;14;0;ru;180;1;2;0;0;;0;78.25.123.xxx;1;apple;iPhone;;;;;ios10;ios_double;1136;640;Saint Petersburg;Russia;32;11;568;1;320;1409;980;;direct;;;;1;utf-8;0;0;1;;0;1490642591739872193;;;[];;;;0
1513209318385911587;34322390;2017-03-27;2017-03-27 22:27:15;Я - похудела;http://perm.im-slim.ru/video;http://perm.im-slim.ru/reviews;;;;;;safari_mobile;10;0;ru;WebKit;602;2;14;0;ru;180;1;2;0;0;;0;78.25.123.xxx;1;apple;iPhone;;;;;ios10;ios_double;1136;640;Saint Petersburg;Russia;32;11;568;1;320;1409;980;;internal;;;;0;utf-8;0;0;0;;0;1490642591739872193;;;[];;;;0
1504654630509095590;34322390;2017-03-27;2017-03-27 13:23:21;Я - похудела;http://im-slim.ru/;;;;;;;msie;11;0;ru;Trident;7;0;0;0;ru;180;1;1;0;0;;0;195.9.154.xxx;1;;;;;;;windows_7_2008server;windows;900;1600;Moscow;Russia;24;37;900;2;1600;552;1190;;direct;;;;0;utf-8;0;0;0;;0;1490610202442382585;;;[];;;;0
1504655188555475622;34322390;2017-03-27;2017-03-27 13:23:24;Я - похудела;http://im-slim.ru/#footer;http://im-slim.ru/;;;;;;msie;11;0;ru;Trident;7;0;0;0;ru;180;1;1;0;0;;0;195.9.154.xxx;1;;;;;;;windows_7_2008server;windows;900;1600;Moscow;Russia;24;37;900;2;1600;552;1190;;internal;;;;0;utf-8;0;0;0;;0;1490610202442382585;;;[];;;;0
1524182479211859670;34322390;2017-03-28;2017-03-28 10:04:54;Я - похудела;http://perm.im-slim.ru/;https://yandex.ru/search/touch/?text=похудеть в перми недорого &msid=1490684538.0949.22897.25944&lr=54;;;;;;safari_mobile;10;0;ru;WebKit;602;3;12;0;ru;300;1;2;0;0;;0;85.140.79.xxx;1;apple;iPhone;;;;;ios10;ios_double;1334;750;;Russia;32;11;667;1;375;1461;980;;organic;yandex_mobile;yandex;;0;utf-8;0;0;0;;0;1490684694356927285;;;[];;;;0
1524186375651592060;34322390;2017-03-28;2017-03-28 10:05:09;;http://perm.im-slim.ru/;;;;;;;safari_mobile;10;0;ru;WebKit;602;3;12;0;ru;300;1;2;0;0;;0;85.140.79.xxx;1;apple;iPhone;;;;;ios10;ios_double;1334;750;;Russia;32;11;667;1;375;1461;980;;direct;;;;1;utf-8;0;0;1;;0;1490684694356927285;;;[];;;;0
1524207180862457703;34322390;2017-03-28;2017-03-28 10:06:28;Я - похудела;http://perm.im-slim.ru/#raspisanie;http://perm.im-slim.ru/;;;;;;safari_mobile;10;0;ru;WebKit;602;3;12;0;ru;300;1;2;0;0;;0;85.140.79.xxx;1;apple;iPhone;;;;;ios10;ios_double;1334;750;;Russia;32;11;667;1;375;1461;980;;internal;;;;0;utf-8;0;0;0;;0;1490684694356927285;;;[];;;;0
1524215010471972557;34322390;2017-03-28;2017-03-28 10:06:42;;http://perm.im-slim.ru//uploads/lic/perm-lic-1-new_995x1380.jpg;http://perm.im-slim.ru/#raspisanie;;;;;;safari_mobile;10;0;ru;WebKit;602;3;12;0;ru;300;1;2;0;0;;0;85.140.79.xxx;1;apple;iPhone;;;;;ios10;ios_double;1334;750;;Russia;32;11;667;1;375;1461;980;;external;;;;0;utf-8;1;1;0;;0;1490684694356927285;;;[];;;;0
1524212196931276496;34322390;2017-03-28;2017-03-28 10:06:48;Я - похудела;http://perm.im-slim.ru/;http://perm.im-slim.ru/#raspisanie;;;;;;safari_mobile;10;0;ru;WebKit;602;3;12;0;ru;300;1;2;0;0;;0;85.140.79.xxx;1;apple;iPhone;;;;;ios10;ios_double;1334;750;;Russia;32;11;667;1;375;1461;980;;internal;;;;0;utf-8;0;0;0;;0;1490684694356927285;;;[];;;;0
1524215038309306061;34322390;2017-03-28;2017-03-28 10:06:58;Я - похудела;http://perm.im-slim.ru/video;http://perm.im-slim.ru/;;;;;;safari_mobile;10;0;ru;WebKit;602;3;12;0;ru;300;1;2;0;0;;0;85.140.79.xxx;1;apple;iPhone;;;;;ios10;ios_double;1334;750;;Russia;32;11;667;1;375;1461;980;;internal;;;;0;utf-8;0;0;0;;0;1490684694356927285;;;[];;;;0
1524218808610326393;34322390;2017-03-28;2017-03-28 10:07:13;Я - похудела;http://perm.im-slim.ru/price;http://perm.im-slim.ru/video;;;;;;safari_mobile;10;0;ru;WebKit;602;3;12;0;ru;300;1;2;0;0;;0;85.140.79.xxx;1;apple;iPhone;;;;;ios10;ios_double;1334;750;;Russia;32;11;667;1;375;1461;980;;internal;;;;0;utf-8;0;0;0;;0;1490684694356927285;;;[];;;;0
1533236639490639719;34322390;2017-03-28;2017-03-28 19:40:33;Я - похудела;http://perm.im-slim.ru/;;;;;;;chrome;56;0;;WebKit;537;36;0;0;ru;300;1;1;25;0;;0;89.148.224.xxx;1;;;;;;;windows10;windows;1024;1280;Perm;Russia;24;26;1024;2;1280;918;1263;;direct;;;;0;utf-8;0;0;0;;0;1475344184556893577;;;[];;;;0
1533237252605347687;34322390;2017-03-28;2017-03-28 19:40:35;Я - похудела;http://perm.im-slim.ru/#raspisanie;http://perm.im-slim.ru/;;;;;;chrome;56;0;;WebKit;537;36;0;0;ru;300;1;1;25;0;;0;89.148.224.xxx;1;;;;;;;windows10;windows;1024;1280;Perm;Russia;24;26;1024;2;1280;918;1263;;internal;;;;0;utf-8;0;0;0;;0;1475344184556893577;;;[];;;;0
1545390248013860753;34322390;2017-03-29;2017-03-29 08:33:15;Я - похудела;http://perm.im-slim.ru/;http://yandex.ru/clck/jsredir?from=yandex.ru;yandsearch;web;;&text=&etext=1374&l10n=ru;;;;;;chrome;56;0;us;WebKit;537;36;0;0;en;300;1;1;0;0;;0;94.50.4.xxx;1;;;;;;;windows_7_2008server;windows;600;1024;Perm;Russia;24;35;600;2;1024;494;1007;;organic;yandex_search;yandex;;0;utf-8;0;0;0;;0;149076559225659290;;;[];;;;0
1545394559286249323;34322390;2017-03-29;2017-03-29 08:33:32;;http://perm.im-slim.ru/;;;;;;;chrome;56;0;us;WebKit;537;36;0;0;en;300;1;1;0;0;;0;94.50.4.xxx;1;;;;;;;windows_7_2008server;windows;600;1024;Perm;Russia;24;35;600;2;1024;494;1007;;direct;;;;1;utf-8;0;0;1;;0;149076559225659290;;;[];;;;0
1543313131576493920;34322390;2017-03-29;2017-03-29 06:21:12;Я - похудела;http://perm.im-slim.ru/;;;;;;;firefox;44;0;ru;Gecko;44;0;0;0;ru;300;1;1;0;0;;0;46.146.223.xxx;1;;;;;;;windows_7_2008server;windows;1080;1920;Perm;Russia;24;37;1080;2;1920;576;1007;;direct;;;;0;utf-8;0;0;0;;0;1486356739862278480;;;[];;;;0
1543317051609974624;34322390;2017-03-29;2017-03-29 06:21:27;;http://perm.im-slim.ru/;;;;;;;firefox;44;0;ru;Gecko;44;0;0;0;ru;300;1;1;0;0;;0;46.146.223.xxx;1;;;;;;;windows_7_2008server;windows;1080;1920;Perm;Russia;24;37;1080;2;1920;576;1007;;direct;;;;1;utf-8;0;0;1;;0;1486356739862278480;;;[];;;;0
1548738542215104354;34322390;2017-03-29;2017-03-29 12:06:08;Я - похудела;http://perm.im-slim.ru/;https://yandex.ru/clck/jsredir?from=yandex.ru;yandsearch;web;;&text=&etext=1375&l10n=ru;;;;;;firefox;52;0;ru;Gecko;52;0;0;0;ru;300;1;1;25;0;;0;62.16.44.xxx;1;;;;;;;windows_7_2008server;windows;768;1366;Perm;Russia;24;37;768;2;1366;657;1349;;organic;yandex_search;yandex;;0;utf-8;0;0;0;;0;1490778377985353372;;;[];;;;0
1548743661583599458;34322390;2017-03-29;2017-03-29 12:06:28;;http://perm.im-slim.ru/;;;;;;;firefox;52;0;ru;Gecko;52;0;0;0;ru;300;1;1;25;0;;0;62.16.44.xxx;1;;;;;;;windows_7_2008server;windows;768;1366;Perm;Russia;24;37;768;2;1366;657;1349;;direct;;;;1;utf-8;0;0;1;;0;1490778377985353372;;;[];;;;0
1548745711938963298;34322390;2017-03-29;2017-03-29 12:06:36;Я - похудела;http://perm.im-slim.ru/#footer;http://perm.im-slim.ru/;;;;;;firefox;52;0;ru;Gecko;52;0;0;0;ru;300;1;1;25;0;;0;62.16.44.xxx;1;;;;;;;windows_7_2008server;windows;768;1366;Perm;Russia;24;37;768;2;1366;657;1349;;internal;;;;0;utf-8;0;0;0;;0;1490778377985353372;;;[];;;;0
1546481036127895672;34322390;2017-03-29;2017-03-29 09:42:36;Я - похудела;http://perm.im-slim.ru/;http://yandex.ru/clck/jsredir?from=yandex.ru;search%2Fpad%2F;web;;6010001&text=&etext=1374&&l10n=ru;;;;;;yandexsearch;6;10;ru;WebKit;537;36;0;0;ru;300;1;3;0;0;;0;2a02:2698:25:c030::xxx;1;samsung;Galaxy Tab 4 7.0;;;;;android_kitkat;android;800;1280;Perm;Russia;32;33;601;2;962;522;980;;organic;yandex_mobile_app;yandex;;0;utf-8;0;0;0;;0;1490769673328450859;;;[];;;;0
1546484965801721976;34322390;2017-03-29;2017-03-29 09:42:51;;http://perm.im-slim.ru/;;;;;;;yandexsearch;6;10;ru;WebKit;537;36;0;0;ru;300;1;3;0;0;;0;2a02:2698:25:c030::xxx;1;samsung;Galaxy Tab 4 7.0;;;;;android_kitkat;android;800;1280;Perm;Russia;32;33;601;2;962;522;980;;direct;;;;1;utf-8;0;0;1;;0;1490769673328450859;;;[];;;;0
1547519066701563759;34322390;2017-03-29;2017-03-29 10:48:36;Я - похудела;http://perm.im-slim.ru/promotions;http://yandex.ru/clck/jsredir?from=yandex.ru;search%2Fpad%2F;web;;6010001&text=&etext=1374&&l10n=ru;;;;;;yandexsearch;6;10;ru;WebKit;537;36;0;0;ru;300;1;3;0;0;;0;2a02:2698:25:c030::xxx;1;samsung;Galaxy Tab 4 7.0;;;;;android_kitkat;android;800;1280;Perm;Russia;32;33;601;2;962;522;980;;organic;yandex_mobile_app;yandex;;0;utf-8;0;0;0;;0;1490769673328450859;;;[24311590];;;;0
1547523011717629807;34322390;2017-03-29;2017-03-29 10:48:51;;http://perm.im-slim.ru/promotions;;;;;;;yandexsearch;6;10;ru;WebKit;537;36;0;0;ru;300;1;3;0;0;;0;2a02:2698:25:c030::xxx;1;samsung;Galaxy Tab 4 7.0;;;;;android_kitkat;android;800;1280;Perm;Russia;32;33;601;2;962;522;980;;direct;;;;1;utf-8;0;0;1;;0;1490769673328450859;;;[];;;;0
1547561975742988405;34322390;2017-03-29;2017-03-29 10:51:20;Я - похудела;http://perm.im-slim.ru/;http://yandex.ru/clck/jsredir?from=yandex.ru;search%2Fpad%2F;web;;6010001&text=&etext=1374&&l10n=ru;;;;;;yandexsearch;6;10;ru;WebKit;537;36;0;0;ru;300;1;3;0;0;;0;2a02:2698:25:c030::xxx;1;samsung;Galaxy Tab 4 7.0;;;;;android_kitkat;android;800;1280;Perm;Russia;32;33;601;2;962;522;980;;organic;yandex_mobile_app;yandex;;0;utf-8;0;0;0;;0;1490769673328450859;;;[];;;;0
1547566171363224229;34322390;2017-03-29;2017-03-29 10:51:36;Я - похудела;http://perm.im-slim.ru/price;http://perm.im-slim.ru/;;;;;;yandexsearch;6;10;ru;WebKit;537;36;0;0;ru;300;1;3;0;0;;0;2a02:2698:25:c030::xxx;1;samsung;Galaxy Tab 4 7.0;;;;;android_kitkat;android;800;1280;Perm;Russia;32;33;601;2;962;522;980;;internal;;;;0;utf-8;0;0;0;;0;1490769673328450859;;;[];;;;0
1547584257750204538;34322390;2017-03-29;2017-03-29 10:52:45;Я - похудела;http://perm.im-slim.ru/;http://yandex.ru/search/pad/?uuid=b7a026dc233089ffab88016d971b5079&clid=2122068&internal_browser_enabled=1&text=центры для похудения&lr=50&true_url_scheme=https;;;;;;yandexsearch;6;10;ru;WebKit;537;36;0;0;ru;300;1;3;0;0;;0;2a02:2698:25:c030::xxx;1;samsung;Galaxy Tab 4 7.0;;;;;android_kitkat;android;800;1280;Perm;Russia;32;33;601;2;962;522;980;;organic;yandex_mobile;yandex;;0;utf-8;0;0;0;;0;1490769673328450859;;;[];;;;0
1547585433871319162;34322390;2017-03-29;2017-03-29 10:52:49;Я - похудела;http://perm.im-slim.ru/#raspisanie;http://perm.im-slim.ru/;;;;;;yandexsearch;6;10;ru;WebKit;537;36;0;0;ru;300;1;3;0;0;;0;2a02:2698:25:c030::xxx;1;samsung;Galaxy Tab 4 7.0;;;;;android_kitkat;android;800;1280;Perm;Russia;32;33;601;2;962;522;980;;internal;;;;0;utf-8;0;0;0;;0;1490769673328450859;;;[];;;;0
1547588206832124026;34322390;2017-03-29;2017-03-29 10:53:00;;http://perm.im-slim.ru/#raspisanie;;;;;;;yandexsearch;6;10;ru;WebKit;537;36;0;0;ru;300;1;3;0;0;;0;2a02:2698:25:c030::xxx;1;samsung;Galaxy Tab 4 7.0;;;;;android_kitkat;android;800;1280;Perm;Russia;32;33;601;2;962;522;980;;direct;;;;1;utf-8;0;0;1;;0;1490769673328450859;;;[];;;;0
1547646056261484666;34322390;2017-03-29;2017-03-29 10:56:41;Я - похудела;http://perm.im-slim.ru/;http://perm.im-slim.ru/#raspisanie;;;;;;yandexsearch;6;10;ru;WebKit;537;36;0;0;ru;300;1;3;0;0;;0;2a02:2698:25:c030::xxx;1;samsung;Galaxy Tab 4 7.0;;;;;android_kitkat;android;800;1280;Perm;Russia;32;33;601;2;962;522;980;;internal;;;;0;utf-8;0;0;0;;0;1490769673328450859;;;[];;;;0
1549658286338343034;34322390;2017-03-29;2017-03-29 13:04:37;Я - похудела;http://perm.im-slim.ru/;http://yandex.ru/clck/jsredir?from=yandex.ru;search%2F;web;;&text=&etext=1375&l10n=ru;;;;;;yandex_browser;17;3;;WebKit;537;36;0;0;ru;300;1;1;25;0;;0;89.148.233.xxx;1;;;;;;;windows10;windows;1080;1920;Perm;Russia;24;37;1080;2;1920;950;1905;;organic;yandex_search;yandex;;0;utf-8;0;0;0;;0;1490781876234866202;;;[];;;;0
1549662210288517242;34322390;2017-03-29;2017-03-29 13:04:52;;http://perm.im-slim.ru/;;;;;;;yandex_browser;17;3;;WebKit;537;36;0;0;ru;300;1;1;25;0;;0;89.148.233.xxx;1;;;;;;;windows10;windows;1080;1920;Perm;Russia;24;37;1080;2;1920;950;1905;;direct;;;;1;utf-8;0;0;1;;0;1490781876234866202;;;[];;;;0
1563700524716134088;34322390;2017-03-30;2017-03-30 03:57:24;Я - похудела;http://im-slim.ru/;;;;;;;chrome;56;0;;WebKit;537;36;0;0;ru;180;1;1;0;0;;0;109.172.76.xxx;1;;;;;;;windows10;windows;864;1536;Krasnodar;Russia;24;37;864;2;1536;482;975;;direct;;;;0;utf-8;0;0;0;;0;1490835404654306968;;;[];;;;0
1563704681172045528;34322390;2017-03-30;2017-03-30 03:57:39;;http://im-slim.ru/#footer;;;;;;;chrome;56;0;;WebKit;537;36;0;0;ru;180;1;1;0;0;;0;109.172.76.xxx;1;;;;;;;windows10;windows;864;1536;Krasnodar;Russia;24;37;864;2;1536;465;975;;direct;;;;1;utf-8;0;0;1;;0;1490835404654306968;;;[];;;;0
1563704594146791119;34322390;2017-03-30;2017-03-30 03:57:39;Я - похудела;http://im-slim.ru/#footer;http://im-slim.ru/;;;;;;chrome;56;0;;WebKit;537;36;0;0;ru;180;1;1;0;0;;0;109.172.76.xxx;1;;;;;;;windows10;windows;864;1536;Krasnodar;Russia;24;37;864;2;1536;465;975;;internal;;;;0;utf-8;0;0;0;;0;1490835404654306968;;;[];;;;0
1570960829812838283;34322390;2017-03-30;2017-03-30 11:38:59;Я - похудела;http://perm.im-slim.ru/;;;;;;;chrome;56;0;;WebKit;537;36;0;0;ru;180;1;1;0;0;;0;83.69.124.xxx;1;;;;;;;windows10;windows;900;1600;Kazan;Russia;24;37;900;2;1600;770;1583;;direct;;;;0;utf-8;0;0;0;;0;1490863161597043207;;;[];;;;0
1570964922122119850;34322390;2017-03-30;2017-03-30 11:39:15;;http://perm.im-slim.ru/;;;;;;;chrome;56;0;;WebKit;537;36;0;0;ru;180;1;1;0;0;;0;83.69.124.xxx;1;;;;;;;windows10;windows;900;1600;Kazan;Russia;24;37;900;2;1600;770;1583;;direct;;;;1;utf-8;0;0;1;;0;1490863161597043207;;;[];;;;0
1566427812838508392;34322390;2017-03-30;2017-03-30 06:50:47;Я - похудела;http://perm.im-slim.ru/;;;;;;;firefox;44;0;ru;Gecko;44;0;0;0;ru;300;1;1;0;0;;0;46.146.223.xxx;1;;;;;;;windows_7_2008server;windows;1080;1920;Perm;Russia;24;37;1080;2;1920;559;1007;;direct;;;;0;utf-8;0;0;0;;0;1486356739862278480;;;[];;;;0
1566431851020027752;34322390;2017-03-30;2017-03-30 06:51:03;;http://perm.im-slim.ru/;;;;;;;firefox;44;0;ru;Gecko;44;0;0;0;ru;300;1;1;0;0;;0;46.146.223.xxx;1;;;;;;;windows_7_2008server;windows;1080;1920;Perm;Russia;24;37;1080;2;1920;559;1007;;direct;;;;1;utf-8;0;0;1;;0;1486356739862278480;;;[];;;;0
1572257703650660235;34322390;2017-03-30;2017-03-30 13:01:27;Я - похудела;http://perm.im-slim.ru/;;;;;;;firefox;44;0;ru;Gecko;44;0;0;0;ru;300;1;1;0;0;;0;46.146.223.xxx;1;;;;;;;windows_7_2008server;windows;1080;1920;Perm;Russia;24;37;1080;2;1920;576;1007;;direct;;;;0;utf-8;0;0;0;;0;1486356739862278480;;;[];;;;0
1572261636602072971;34322390;2017-03-30;2017-03-30 13:01:42;;http://perm.im-slim.ru/;;;;;;;firefox;44;0;ru;Gecko;44;0;0;0;ru;300;1;1;0;0;;0;46.146.223.xxx;1;;;;;;;windows_7_2008server;windows;1080;1920;Perm;Russia;24;37;1080;2;1920;576;1007;;direct;;;;1;utf-8;0;0;1;;0;1486356739862278480;;;[];;;;0
1577839276127431339;34322390;2017-03-30;2017-03-30 18:56:19;Я - похудела;http://perm.im-slim.ru/;http://yandex.ru/clck/jsredir?from=yandex.ru;search%2F;web;;&text=&etext=1376&l10n=ru;;;;;;opera;43;0;;WebKit;537;36;0;0;ru;300;1;1;25;0;;0;46.146.111.xxx;1;;;;;;;mac_os_x_el_capitan;macos;768;1366;Perm;Russia;24;37;768;2;1366;585;1320;;organic;yandex_search;yandex;;0;utf-8;0;0;0;;0;1490889375950327837;;;[];;;;0
1577842023705356971;34322390;2017-03-30;2017-03-30 18:56:29;;http://perm.im-slim.ru/;;;;;;;opera;43;0;;WebKit;537;36;0;0;ru;300;1;1;25;0;;0;46.146.111.xxx;1;;;;;;;mac_os_x_el_capitan;macos;768;1366;Perm;Russia;24;37;768;2;1366;585;1320;;direct;;;;1;utf-8;0;0;1;;0;1490889375950327837;;;[];;;;0
1577857252879510187;34322390;2017-03-30;2017-03-30 18:57:27;Я - похудела;http://perm.im-slim.ru/video;http://perm.im-slim.ru/;;;;;;opera;43;0;;WebKit;537;36;0;0;ru;300;1;1;25;0;;0;46.146.111.xxx;1;;;;;;;mac_os_x_el_capitan;macos;768;1366;Perm;Russia;24;37;768;2;1366;585;1320;;internal;;;;0;utf-8;0;0;0;;0;1490889375950327837;;;[];;;;0
1578079624802864845;34322390;2017-03-30;2017-03-30 19:11:36;Я - похудела;http://perm.im-slim.ru/;http://zoon.ru/redirect/?to=http:%2F%2Fperm.im-slim.ru&hash=8f76470835c4681cbe2e7fd76c2f7332&from=57db4f7640c0883c3b8ea074.c7a6&ext_site=ext_site&backurl=http:%2F%2Fperm.zoon.ru%2Fmedical%2Fedinyj_tsentr_snizheniya_vesa_ya_pohudela%2F;;;;;;opera;43;0;;WebKit;537;36;0;0;ru;300;1;1;25;0;;0;46.146.111.xxx;1;;;;;;;mac_os_x_el_capitan;macos;768;1366;Perm;Russia;24;37;768;2;1366;700;1305;;referral;;;;0;utf-8;0;0;0;;0;1490889375950327837;;;[];;;;1
1570725203690400429;34322390;2017-03-30;2017-03-30 11:24:01;Я - похудела;http://perm.im-slim.ru/;http://link.2gis.ru/1.2/0831010C/webapi/20170301/project16/2252328094701356/dietolog.org/hghdB848G44AB1A7715G2G1GxfDu8494G4G64J3H1HI1G536hcge839I5B8I2272352AAC1A75cmuv0B651B2368J92A33381H4J1G238?http://perm.im-slim.ru;;;;;;chromemobile;56;0;;WebKit;537;36;0;0;ru;300;1;2;0;0;;0;195.19.188.xxx;1;zte;ZTE BLADE A510;;;;;android_marshmallow;android;1280;720;Perm;Russia;32;11;640;1;360;1524;980;;referral;;;;0;utf-8;0;0;0;;0;1490862240275773350;wi_fi;;[];;;;0
1570729525302536872;34322390;2017-03-30;2017-03-30 11:24:17;;http://perm.im-slim.ru/;;;;;;;chromemobile;56;0;;WebKit;537;36;0;0;ru;300;1;2;0;0;;0;195.19.188.xxx;1;zte;ZTE BLADE A510;;;;;android_marshmallow;android;1280;720;Perm;Russia;32;11;640;1;360;1524;980;;direct;;;;1;utf-8;0;0;1;;0;1490862240275773350;wi_fi;;[];;;;0
1570730259746138792;34322390;2017-03-30;2017-03-30 11:24:20;Я - похудела;http://perm.im-slim.ru/promotions;http://perm.im-slim.ru/;;;;;;chromemobile;56;0;;WebKit;537;36;0;0;ru;300;1;2;0;0;;0;195.19.188.xxx;1;zte;ZTE BLADE A510;;;;;android_marshmallow;android;1280;720;Perm;Russia;32;11;640;1;360;1524;980;;internal;;;;0;utf-8;0;0;0;;0;1490862240275773350;wi_fi;;[24311590];;;;0
1570746841804833393;34322390;2017-03-30;2017-03-30 11:25:23;Я - похудела;http://perm.im-slim.ru/;http://link.2gis.ru/1.2/0831010C/webapi/20170301/project16/2252328094701356/dietolog.org/hghdB848G44AB1A7715G2G1GxfDu8494G4G64J3H1HI1G536hcge839I5B8I2272352AAC1A75cmuv0B651B2368J92A33381H4J1G238?http://perm.im-slim.ru;;;;;;chromemobile;56;0;;WebKit;537;36;0;0;ru;300;1;2;0;0;;0;195.19.188.xxx;1;zte;ZTE BLADE A510;;;;;android_marshmallow;android;1280;720;Perm;Russia;32;11;640;1;360;1524;980;;referral;;;;0;utf-8;0;0;0;;0;1490862240275773350;wi_fi;;[];;;;0
1580112672832620386;34322390;2017-03-30;2017-03-30 21:20:51;Я - похудела;http://perm.im-slim.ru/;http://link.2gis.ru/1.2/0831010C/webapi/20170301/project16/2252328094701356/dietolog.org/wgog5448G44AB1A7715G2G1G56z24g94G4G64J3H1HI1G536hcge832I3A1I2272352AAC1Aod85uv0B9A9A2368J92A33381H4J1G22d?http://perm.im-slim.ru;;;;;;safari_mobile;10;0;ru;WebKit;603;1;30;0;ru;300;1;2;0;0;;0;213.87.249.xxx;1;apple;iPhone;;;;;ios10;ios_double;1334;750;;Russia;32;11;667;1;375;1461;980;;referral;;;;0;utf-8;0;0;0;;0;1490898051379018162;;;[];;;;0
1578139383903291237;34322390;2017-03-30;2017-03-30 19:15:23;Я - похудела;http://perm.im-slim.ru/;http://link.2gis.ru/1.2/0831010C/webapi/20170301/project16/2252328094701356/dietolog.org/kAc9pf48G44A591C4893G2G1147go394G4G6G7I2G29H0J33hcge835I4856G24526759B94fAl6uv0B934811479I62A531H1G7H0I243?http://perm.im-slim.ru;;;;;;yandex_browser;15;4;;WebKit;537;36;0;0;ru;300;1;2;0;0;;0;31.173.100.xxx;1;irbis;SP56;;;;;android_lollipop5;android;1280;720;;Russia;32;11;640;1;360;1527;980;;referral;;;;0;utf-8;0;0;0;;0;1490890573944326687;cellular;;[];;;;0
1578146676150110053;34322390;2017-03-30;2017-03-30 19:15:51;;http://perm.im-slim.ru/;;;;;;;yandex_browser;15;4;;WebKit;537;36;0;0;ru;300;1;2;0;0;;0;31.173.100.xxx;1;irbis;SP56;;;;;android_lollipop5;android;1280;720;;Russia;32;11;640;1;360;1614;980;;direct;;;;1;utf-8;0;0;1;;0;1490890573944326687;cellular;;[];;;;0
1593720512008946289;34322390;2017-03-31;2017-03-31 11:46:01;Я - похудела;http://perm.im-slim.ru/;http://yandex.ru/clck/jsredir?from=yandex.ru;search%2F;web;;&text=&etext=1376&l10n=ru;;;;;;chrome;56;0;;WebKit;537;36;0;0;ru;300;1;1;0;0;;0;46.146.60.xxx;1;;;;;;;windows_7_2008server;windows;768;1366;Perm;Russia;24;37;768;2;1366;662;1349;;organic;yandex_search;yandex;;0;utf-8;0;0;0;;0;1490949964539571428;;;[];;;;0
1593724436347617905;34322390;2017-03-31;2017-03-31 11:46:16;;http://perm.im-slim.ru/;;;;;;;chrome;56;0;;WebKit;537;36;0;0;ru;300;1;1;0;0;;0;46.146.60.xxx;1;;;;;;;windows_7_2008server;windows;768;1366;Perm;Russia;24;37;768;2;1366;662;1349;;direct;;;;1;utf-8;0;0;1;;0;1490949964539571428;;;[];;;;0
1588587143045056349;34322390;2017-03-31;2017-03-31 06:19:39;Я - похудела;http://perm.im-slim.ru/;;;;;;;firefox;44;0;ru;Gecko;44;0;0;0;ru;300;1;1;0;0;;0;46.146.223.xxx;1;;;;;;;windows_7_2008server;windows;1080;1920;Perm;Russia;24;37;1080;2;1920;576;1007;;direct;;;;0;utf-8;0;0;0;;0;1486356739862278480;;;[];;;;0
1588590888802846557;34322390;2017-03-31;2017-03-31 06:19:53;;http://perm.im-slim.ru/;;;;;;;firefox;44;0;ru;Gecko;44;0;0;0;ru;300;1;1;0;0;;0;46.146.223.xxx;1;;;;;;;windows_7_2008server;windows;1080;1920;Perm;Russia;24;37;1080;2;1920;576;1007;;direct;;;;1;utf-8;0;0;1;;0;1486356739862278480;;;[];;;;0
1604064283782811529;34322390;2017-03-31;2017-03-31 22:43:39;Я - похудела;http://perm.im-slim.ru/price;http://perm.im-slim.ru/;;;;;;safari_mobile;10;0;ru;WebKit;602;4;6;0;ru;300;1;2;0;0;;0;46.147.58.xxx;1;apple;iPhone;;;;;ios10;ios_double;1334;750;Perm;Russia;32;11;667;1;375;1461;980;;internal;;;;0;utf-8;0;0;0;;0;1481135128816153622;;;[];;;;0
1613219903264524146;34322390;2017-04-01;2017-04-01 08:25:45;Я - похудела;http://perm.im-slim.ru/;http://link.2gis.ru/1.2/3FA07BBB/webapi/20170401/project16/2252328094701356/properm.ru/7m5595G4G62H1H23H1HH16z2vmsB48367I7B1A779uvzzA132766I0JJ2I1Gddkdp48G4427235123681J7H0J2e2?http://perm.im-slim.ru;;;;;;chrome;56;0;;WebKit;537;36;0;0;ru;300;1;1;0;0;;0;31.162.11.xxx;1;;;;;;;windows10;windows;768;1366;Berezniki;Russia;24;37;768;2;1366;662;1349;;referral;;;;0;utf-8;0;0;0;;0;1491024345185795972;;;[];;;;0
1613222541270976370;34322390;2017-04-01;2017-04-01 08:25:55;Я - похудела;http://perm.im-slim.ru/price;http://perm.im-slim.ru/;;;;;;chrome;56;0;;WebKit;537;36;0;0;ru;300;1;1;0;0;;0;31.162.11.xxx;1;;;;;;;windows10;windows;768;1366;Berezniki;Russia;24;37;768;2;1366;662;1349;;internal;;;;0;utf-8;0;0;0;;0;1491024345185795972;;;[];;;;0
1613225937129703282;34322390;2017-04-01;2017-04-01 08:26:08;;http://perm.im-slim.ru/;;;;;;;chrome;56;0;;WebKit;537;36;0;0;ru;300;1;1;0;0;;0;31.162.11.xxx;1;;;;;;;windows10;windows;768;1366;Berezniki;Russia;24;37;768;2;1366;662;1349;;direct;;;;1;utf-8;0;0;1;;0;1491024345185795972;;;[];;;;0
1627495740134916218;34322390;2017-04-01;2017-04-01 23:33:23;Я - похудела;http://perm.im-slim.ru/reviews;http://yandex.ru/clck/jsredir?from=yandex.ru;search%2Fpad%2F;web;;&text=&etext=1378&&l10n=ru;;;;;;yandex_browser;17;3;ru;WebKit;602;1;50;0;ru;300;1;3;0;0;;0;46.146.133.xxx;1;apple;iPad;;;;;ios10;ios_double;2732;2048;Perm;Russia;32;15;1366;2;1024;661;980;;organic;yandex_mobile;yandex;;0;utf-8;0;0;0;;0;1485928657545023850;;;[];;;;0
